Time (s),Sensor 0 Voltage,Sensor 1 Voltage,Magnet State
2.86102294921875e-06,1.1290043488212407,1.0419409475852597,1
0.0025811195373535156,1.0806134126802471,1.0419409475852597,1
0.00465703010559082,1.067722590981918,1.0419409475852597,1
0.006719827651977539,1.0644998855573358,1.0419409475852597,1
0.008782625198364258,1.067722590981918,1.0419409475852597,1
0.010841846466064453,1.0709452964065003,1.0419409475852597,1
0.012892723083496094,1.0741680018310824,1.0419409475852597,1
0.01494145393371582,1.0741680018310824,1.0419409475852597,1
0.01699686050415039,1.0741680018310824,1.0419409475852597,1
0.019024372100830078,1.0709452964065003,1.0419409475852597,1
0.021046876907348633,1.0709452964065003,1.0419409475852597,1
0.023319482803344727,1.0709452964065003,1.0419409475852597,1
0.02541351318359375,1.0709452964065003,1.0419409475852597,1
0.027451038360595703,1.067722590981918,1.045163653009842,1
0.029474735260009766,1.067722590981918,1.045163653009842,1
0.03149604797363281,1.067722590981918,1.045163653009842,1
0.033518075942993164,1.067722590981918,1.045163653009842,1
0.03553938865661621,1.067722590981918,1.045163653009842,1
0.03756999969482422,1.0644998855573358,1.045163653009842,1
0.03958916664123535,1.0644998855573358,1.045163653009842,1
0.041605234146118164,1.0644998855573358,1.045163653009842,1
0.04361987113952637,1.0644998855573358,1.045163653009842,1
0.04563283920288086,1.0644998855573358,1.0483863584344244,1
0.04765176773071289,1.0612771801327536,1.045163653009842,1
0.0496668815612793,1.0612771801327536,1.0483863584344244,1
0.05167961120605469,1.0612771801327536,1.0483863584344244,1
0.05369138717651367,1.0612771801327536,1.0483863584344244,1
0.05570530891418457,1.058054474708171,1.0483863584344244,1
0.05773186683654785,1.058054474708171,1.0483863584344244,1
0.059754371643066406,1.058054474708171,1.0483863584344244,1
0.061774253845214844,1.058054474708171,1.0483863584344244,1
0.06379437446594238,1.058054474708171,1.0483863584344244,1
0.06581258773803711,1.054831769283589,1.0516090638590065,1
0.06783485412597656,1.054831769283589,1.0516090638590065,1
0.06985616683959961,1.054831769283589,1.0516090638590065,1
0.07187438011169434,1.054831769283589,1.0516090638590065,1
0.07389211654663086,1.0516090638590065,1.0516090638590065,1
0.07590937614440918,1.0516090638590065,1.054831769283589,1
0.0779275894165039,1.0516090638590065,1.054831769283589,1
0.0799703598022461,1.0516090638590065,1.054831769283589,1
0.08199048042297363,1.0516090638590065,1.054831769283589,1
0.08400988578796387,1.0483863584344244,1.054831769283589,1
0.08603024482727051,1.0483863584344244,1.054831769283589,1
0.08805179595947266,1.045163653009842,1.058054474708171,1
0.0900731086730957,1.045163653009842,1.058054474708171,1
0.09209227561950684,1.045163653009842,1.058054474708171,1
0.09410977363586426,1.0419409475852597,1.0612771801327536,1
0.0961294174194336,1.0419409475852597,1.0612771801327536,1
0.09815144538879395,1.0419409475852597,1.0612771801327536,1
0.10016965866088867,1.0419409475852597,1.0644998855573358,1
0.1021885871887207,1.0387182421606773,1.0644998855573358,1
0.10420465469360352,1.0387182421606773,1.067722590981918,1
0.10622048377990723,1.0354955367360952,1.0709452964065003,1
0.10823631286621094,1.0354955367360952,1.0709452964065003,1
0.11025261878967285,1.032272831311513,1.0741680018310824,1
0.11226749420166016,1.032272831311513,1.0741680018310824,1
0.11428451538085938,1.032272831311513,1.077390707255665,1
0.1163020133972168,1.0289997711146714,1.0806134126802471,1
0.11832046508789062,1.0289997711146714,1.0838864728770885,1
0.12033438682556152,1.0257770656900893,1.0871091783016709,1
0.12234950065612793,1.0257770656900893,1.090331883726253,1
0.12436437606811523,1.022554360265507,1.0967772945754177,1
0.12637901306152344,1.022554360265507,1.1032227054245822,1
0.12839460372924805,1.0193316548409246,1.1096681162737467,1
0.13041019439697266,1.0193316548409246,1.1161135271229115,1
0.13242745399475098,1.0161089494163424,1.1290043488212407,1
0.13444304466247559,1.0161089494163424,1.1387228198672465,1
0.13648223876953125,1.01288624399176,1.154836346990158,1
0.13850760459899902,1.009663538567178,1.1709498741130693,1
0.14052891731262207,1.009663538567178,1.190336461432822,1
0.1425485610961914,1.0064408331425954,1.212895399404898,1
0.14456677436828613,1.0064408331425954,1.2322316319523918,1
0.14658665657043457,1.0032181277180132,1.254840924696727,1
0.148604154586792,1.0032181277180132,1.2773998626688028,1
0.15062236785888672,1.0032181277180132,1.2870679789425499,1
0.15264153480529785,1.0032181277180132,1.2903410391393912,1
0.15466094017028809,1.0032181277180132,1.2806225680933851,1
0.15668010711669922,1.0032181277180132,1.267731746395056,1
0.15869545936584473,1.0032181277180132,1.2516182192721446,1
0.16070961952209473,1.0064408331425954,1.2387273975738156,1
0.16272568702697754,1.0064408331425954,1.225786221103227,1
0.16474175453186035,1.0064408331425954,1.212895399404898,1
0.16675877571105957,1.0064408331425954,1.200004577706569,1
0.16877341270446777,1.0064408331425954,1.1871137560082399,1
0.17080259323120117,1.009663538567178,1.1806179903868161,1
0.17282581329345703,1.009663538567178,1.1709498741130693,1
0.1748509407043457,1.009663538567178,1.1645044632639048,1
0.1768941879272461,1.009663538567178,1.1612817578393224,1
0.17891550064086914,1.009663538567178,1.15805905241474,1
0.18093466758728027,1.01288624399176,1.1516136415655756,1
0.182952880859375,1.01288624399176,1.1516136415655756,1
0.18497085571289062,1.01288624399176,1.1483909361409934,1
0.18698954582214355,1.01288624399176,1.1516136415655756,1
0.18900704383850098,1.009663538567178,1.1516136415655756,1
0.19102072715759277,1.009663538567178,1.154836346990158,1
0.1930372714996338,1.009663538567178,1.154836346990158,1
0.1950538158416748,1.009663538567178,1.1612817578393224,1
0.19706940650939941,1.009663538567178,1.1645044632639048,1
0.19908428192138672,1.009663538567178,1.1709498741130693,1
0.20110154151916504,1.009663538567178,1.1806179903868161,1
0.20311784744262695,1.009663538567178,1.190336461432822,1
0.20513367652893066,1.0064408331425954,1.200004577706569,1
0.20714974403381348,1.0064408331425954,1.212895399404898,1
0.2091662883758545,1.0064408331425954,1.225786221103227,1
0.2111821174621582,1.0064408331425954,1.2387273975738156,1
0.21319866180419922,1.0064408331425954,1.2516182192721446,1
0.21521544456481934,1.0032181277180132,1.267731746395056,1
0.21723270416259766,1.0032181277180132,1.2773998626688028,1
0.21924734115600586,1.0032181277180132,1.2806225680933851,1
0.22126126289367676,1.0032181277180132,1.2773998626688028,1
0.2232811450958252,1.0032181277180132,1.267731746395056,1
0.22541379928588867,1.0032181277180132,1.2612863355458914,1
0.2274463176727295,1.0032181277180132,1.2483955138475622,1
0.22947025299072266,1.0064408331425954,1.2387273975738156,1
0.2314915657043457,1.0064408331425954,1.2290089265278095,1
0.23350906372070312,1.0064408331425954,1.222563515678645,1
0.23552489280700684,1.0064408331425954,1.2161181048294805,1
0.23754525184631348,1.0064408331425954,1.212895399404898,1
0.23956012725830078,1.0064408331425954,1.2096726939803157,1
0.24157381057739258,1.0064408331425954,1.2064499885557336,1
0.24358916282653809,1.0064408331425954,1.2064499885557336,1
0.2456040382385254,1.0064408331425954,1.2096726939803157,1
0.24762415885925293,1.0064408331425954,1.212895399404898,1
0.24966931343078613,1.0064408331425954,1.2161181048294805,1
0.25168609619140625,1.0064408331425954,1.222563515678645,1
0.25370192527770996,1.0064408331425954,1.225786221103227,1
0.25571560859680176,1.0064408331425954,1.2354543373769742,1
0.2577376365661621,1.0032181277180132,1.2419501029983977,1
0.25975894927978516,1.0032181277180132,1.254840924696727,1
0.26177453994750977,1.0032181277180132,1.2645090409704736,1
0.26378798484802246,1.0032181277180132,1.2709544518196383,1
0.26579976081848145,1.0032181277180132,1.2773998626688028,1
0.26782798767089844,1.0032181277180132,1.2773998626688028,1
0.2698540687561035,1.0032181277180132,1.2709544518196383,1
0.27187442779541016,1.0032181277180132,1.2612863355458914,1
0.273895263671875,1.0032181277180132,1.254840924696727,1
0.2759130001068115,1.0032181277180132,1.2483955138475622,1
0.27793216705322266,1.0032181277180132,1.2419501029983977,1
0.279951810836792,1.0064408331425954,1.2387273975738156,1
0.28197193145751953,1.0064408331425954,1.2354543373769742,1
0.28398871421813965,1.0064408331425954,1.2322316319523918,1
0.28600358963012695,1.0064408331425954,1.2290089265278095,1
0.2880218029022217,1.0064408331425954,1.2322316319523918,1
0.290036678314209,1.0064408331425954,1.2354543373769742,1
0.2920527458190918,1.0064408331425954,1.2387273975738156,1
0.2940702438354492,1.0032181277180132,1.2419501029983977,1
0.2960855960845947,1.0032181277180132,1.2483955138475622,1
0.29810404777526855,1.0032181277180132,1.2580636301213093,1
0.30011987686157227,1.0032181277180132,1.2645090409704736,1
0.3021364212036133,1.0032181277180132,1.267731746395056,1
0.3041529655456543,1.0032181277180132,1.2709544518196383,1
0.3061692714691162,1.0032181277180132,1.2741771572442206,1
0.30818891525268555,1.0032181277180132,1.267731746395056,1
0.31020641326904297,1.0032181277180132,1.2645090409704736,1
0.3122234344482422,1.0032181277180132,1.2580636301213093,1
0.3142406940460205,1.0032181277180132,1.2516182192721446,1
0.31625795364379883,1.0032181277180132,1.2483955138475622,1
0.31827235221862793,1.0064408331425954,1.24517280842298,1
0.32028889656066895,1.0064408331425954,1.24517280842298,1
0.32230424880981445,1.0064408331425954,1.2419501029983977,1
0.32432103157043457,1.0032181277180132,1.2419501029983977,1
0.3263382911682129,1.0064408331425954,1.24517280842298,1
0.3283543586730957,1.0032181277180132,1.2483955138475622,1
0.3303675651550293,1.0032181277180132,1.254840924696727,1
0.3323802947998047,1.0032181277180132,1.2612863355458914,1
0.3343992233276367,1.0032181277180132,1.2645090409704736,1
0.3364136219024658,1.0032181277180132,1.267731746395056,1
0.3384270668029785,1.0032181277180132,1.267731746395056,1
0.34044313430786133,1.0032181277180132,1.267731746395056,1
0.34247612953186035,1.0032181277180132,1.2645090409704736,1
0.34449315071105957,1.0032181277180132,1.2612863355458914,1
0.34650754928588867,1.0032181277180132,1.2580636301213093,1
0.3485236167907715,1.0032181277180132,1.2516182192721446,1
0.3505403995513916,1.0032181277180132,1.2516182192721446,1
0.3525576591491699,1.0032181277180132,1.2483955138475622,1
0.35457587242126465,1.0032181277180132,1.2483955138475622,1
0.3565964698791504,1.0032181277180132,1.2516182192721446,1
0.3587322235107422,1.0032181277180132,1.2516182192721446,1
0.3608670234680176,1.0032181277180132,1.254840924696727,1
0.3629014492034912,1.0032181277180132,1.2580636301213093,1
0.3649289608001709,1.0032181277180132,1.2612863355458914,1
0.36698365211486816,1.0032181277180132,1.2645090409704736,1
0.36900973320007324,1.0032181277180132,1.2645090409704736,1
0.3710329532623291,1.0032181277180132,1.2645090409704736,1
0.37305498123168945,1.0032181277180132,1.2645090409704736,1
0.3750741481781006,1.0032181277180132,1.2612863355458914,1
0.37709546089172363,1.0032181277180132,1.2612863355458914,1
0.37911534309387207,1.0032181277180132,1.2580636301213093,1
0.381134033203125,1.0032181277180132,1.254840924696727,1
0.38315296173095703,1.0032181277180132,1.2516182192721446,1
0.38517093658447266,1.0032181277180132,1.254840924696727,1
0.3871934413909912,1.0032181277180132,1.254840924696727,1
0.38921093940734863,1.0032181277180132,1.2580636301213093,1
0.39122772216796875,1.0032181277180132,1.2580636301213093,1
0.3932454586029053,1.0032181277180132,1.2612863355458914,1
0.3952631950378418,1.0032181277180132,1.2612863355458914,1
0.3973050117492676,1.0032181277180132,1.2645090409704736,1
0.3993253707885742,1.0032181277180132,1.2645090409704736,1
0.40134263038635254,1.0032181277180132,1.2612863355458914,1
0.40335893630981445,1.0032181277180132,1.2612863355458914,1
0.4053771495819092,1.0032181277180132,1.2612863355458914,1
0.4074082374572754,1.0032181277180132,1.2580636301213093,1
0.4094274044036865,1.0032181277180132,1.2580636301213093,1
0.41144824028015137,1.0032181277180132,1.254840924696727,1
0.4134657382965088,1.0032181277180132,1.254840924696727,1
0.41548633575439453,1.0032181277180132,1.254840924696727,1
0.41750264167785645,1.0032181277180132,1.2580636301213093,1
0.4195425510406494,1.0032181277180132,1.2580636301213093,1
0.42156267166137695,1.0032181277180132,1.2612863355458914,1
0.4235854148864746,1.0032181277180132,1.2612863355458914,1
0.4256858825683594,1.0032181277180132,1.2612863355458914,1
0.4277188777923584,1.0032181277180132,1.2612863355458914,1
0.42973971366882324,1.0032181277180132,1.2612863355458914,1
0.43175673484802246,1.0032181277180132,1.2612863355458914,1
0.43377137184143066,1.0032181277180132,1.2612863355458914,1
0.43578529357910156,1.0032181277180132,1.2580636301213093,1
0.4378073215484619,1.0032181277180132,1.2580636301213093,1
0.4398224353790283,1.0032181277180132,1.2580636301213093,1
0.44183945655822754,1.0032181277180132,1.2580636301213093,1
0.44385528564453125,1.0032181277180132,1.2580636301213093,1
0.44587063789367676,1.0032181277180132,1.2580636301213093,1
0.4478881359100342,1.0032181277180132,1.2580636301213093,1
0.449901819229126,1.0032181277180132,1.2612863355458914,1
0.45191478729248047,1.0032181277180132,1.2612863355458914,1
0.45392704010009766,1.0032181277180132,1.2612863355458914,1
0.45593786239624023,1.0032181277180132,1.2612863355458914,1
0.45795297622680664,1.0032181277180132,1.2612863355458914,1
0.45996546745300293,1.0032181277180132,1.2612863355458914,1
0.4619753360748291,1.0032181277180132,1.2612863355458914,1
0.4639871120452881,1.0032181277180132,1.2580636301213093,1
0.4660012722015381,1.0032181277180132,1.2580636301213093,1
0.46802353858947754,1.0032181277180132,1.2580636301213093,1
0.47004199028015137,1.0032181277180132,1.2580636301213093,1
0.4720590114593506,1.0032181277180132,1.2580636301213093,1
0.4740777015686035,1.0032181277180132,1.2580636301213093,1
0.47609996795654297,1.0032181277180132,1.2580636301213093,1
0.4781229496002197,1.0032181277180132,1.2612863355458914,1
0.48014330863952637,1.0032181277180132,1.2612863355458914,1
0.4821639060974121,1.0032181277180132,1.2612863355458914,1
0.48418116569519043,1.0032181277180132,1.2612863355458914,1
0.48619890213012695,1.0032181277180132,1.2612863355458914,1
0.4882164001464844,1.0032181277180132,1.2580636301213093,1
0.4902627468109131,1.01288624399176,1.2580636301213093,1
0.49294090270996094,1.01288624399176,1.2612863355458914,1
0.4956023693084717,1.009663538567178,1.2580636301213093,1
0.4982612133026123,1.01288624399176,1.2580636301213093,1
0.500920295715332,1.01288624399176,1.2612863355458914,0
0.5036134719848633,1.0161089494163424,1.267731746395056,0
0.5062799453735352,1.0161089494163424,1.2645090409704736,0
0.5089433193206787,1.0193316548409246,1.254840924696727,0
0.511603593826294,1.0193316548409246,1.2419501029983977,0
0.5142667293548584,1.0193316548409246,1.225786221103227,0
0.5169334411621094,1.022554360265507,1.2064499885557336,0
0.5196027755737305,1.022554360265507,1.1838406958113985,0
0.5223066806793213,1.0257770656900893,1.15805905241474,0
0.5249762535095215,1.0289997711146714,1.1322270542458228,0
0.5276463031768799,1.0354955367360952,1.1096681162737467,0
0.5303130149841309,1.0419409475852597,1.0935545891508354,0
0.5329775810241699,1.045163653009842,1.0806134126802471,0
0.5356426239013672,1.054831769283589,1.0709452964065003,0
0.5383086204528809,1.067722590981918,1.058054474708171,0
0.5409789085388184,1.0871091783016709,1.0516090638590065,0
0.5436463356018066,1.1193362325474936,1.045163653009842,0
0.5463097095489502,1.1355001144426642,1.0419409475852597,0
0.5489704608917236,1.1193362325474936,1.045163653009842,0
0.5516314506530762,1.1096681162737467,1.0483863584344244,0
0.5542948246002197,1.1032227054245822,1.0483863584344244,0
0.5569581985473633,1.0967772945754177,1.0516090638590065,0
0.5596177577972412,1.0935545891508354,1.0516090638590065,0
0.5623903274536133,1.0935545891508354,1.0516090638590065,0
0.5650804042816162,1.0935545891508354,1.0516090638590065,0
0.5677621364593506,1.0967772945754177,1.0516090638590065,0
0.5704357624053955,1.1032227054245822,1.0483863584344244,0
0.5731046199798584,1.1096681162737467,1.045163653009842,0
0.5757694244384766,1.1161135271229115,1.045163653009842,0
0.578465461730957,1.122558937972076,1.045163653009842,0
0.58113694190979,1.1290043488212407,1.0419409475852597,0
0.5838015079498291,1.1322270542458228,1.0419409475852597,0
0.5865039825439453,1.1322270542458228,1.0419409475852597,0
0.5891821384429932,1.1322270542458228,1.0419409475852597,0
0.5918517112731934,1.1322270542458228,1.0419409475852597,0
0.5945160388946533,1.1322270542458228,1.0419409475852597,0
0.5972106456756592,1.1355001144426642,1.0419409475852597,0
0.5998828411102295,1.1355001144426642,1.0419409475852597,0
0.6025519371032715,1.1355001144426642,1.0419409475852597,0
0.6052126884460449,1.1355001144426642,1.0419409475852597,0
0.607900857925415,1.1355001144426642,1.0419409475852597,0
0.6105611324310303,1.1355001144426642,1.0419409475852597,0
0.613224983215332,1.1355001144426642,1.0419409475852597,0
0.6158888339996338,1.1355001144426642,1.0419409475852597,0
0.6185510158538818,1.1355001144426642,1.0419409475852597,0
0.6212470531463623,1.1355001144426642,1.0419409475852597,0
0.6239256858825684,1.1355001144426642,1.0419409475852597,0
0.6266980171203613,1.1355001144426642,1.0419409475852597,0
0.6293785572052002,1.1355001144426642,1.0419409475852597,0
0.6320500373840332,1.1355001144426642,1.0419409475852597,0
0.634711503982544,1.1355001144426642,1.0419409475852597,0
0.6373798847198486,1.1355001144426642,1.0419409475852597,0
0.6400365829467773,1.1355001144426642,1.0419409475852597,0
0.6426956653594971,1.1355001144426642,1.0419409475852597,0
0.6453547477722168,1.1355001144426642,1.0419409475852597,0
0.6480495929718018,1.1355001144426642,1.0419409475852597,0
0.6507096290588379,1.1355001144426642,1.0419409475852597,0
0.6533751487731934,1.1355001144426642,1.0419409475852597,0
0.6560356616973877,1.1355001144426642,1.0419409475852597,0
0.6587095260620117,1.1355001144426642,1.0419409475852597,0
0.6613743305206299,1.1355001144426642,1.0419409475852597,0
0.6640381813049316,1.1355001144426642,1.0419409475852597,0
0.6667096614837646,1.1355001144426642,1.0419409475852597,0
0.6693711280822754,1.1355001144426642,1.0419409475852597,0
0.6720402240753174,1.1355001144426642,1.0419409475852597,0
0.674705982208252,1.1355001144426642,1.0419409475852597,0
0.677375316619873,1.1355001144426642,1.0419409475852597,0
0.6800398826599121,1.1355001144426642,1.0419409475852597,0
0.6827058792114258,1.1355001144426642,1.0419409475852597,0
0.6853699684143066,1.1355001144426642,1.0419409475852597,0
0.6880576610565186,1.1355001144426642,1.0419409475852597,0
0.690748929977417,1.1355001144426642,1.0419409475852597,0
0.6934139728546143,1.1355001144426642,1.0419409475852597,0
0.696080207824707,1.1355001144426642,1.0419409475852597,0
0.6987416744232178,1.1355001144426642,1.0419409475852597,0
0.7014062404632568,1.1355001144426642,1.0419409475852597,0
0.7040650844573975,1.1355001144426642,1.0419409475852597,0
0.7067286968231201,1.1355001144426642,1.0419409475852597,0
0.7093906402587891,1.1355001144426642,1.0419409475852597,0
0.7120559215545654,1.1355001144426642,1.0419409475852597,0
0.7147130966186523,1.1355001144426642,1.0419409475852597,0
0.717374324798584,1.1355001144426642,1.0419409475852597,0
0.7200415134429932,1.1355001144426642,1.0419409475852597,0
0.722703218460083,1.1355001144426642,1.0419409475852597,0
0.72536301612854,1.1355001144426642,1.0419409475852597,0
0.7280597686767578,1.1355001144426642,1.0419409475852597,0
0.7307262420654297,1.1355001144426642,1.0419409475852597,0
0.7333846092224121,1.1355001144426642,1.0419409475852597,0
0.7360477447509766,1.1355001144426642,1.0419409475852597,0
0.7387120723724365,1.1355001144426642,1.0419409475852597,0
0.7413749694824219,1.1355001144426642,1.0419409475852597,0
0.7440412044525146,1.1355001144426642,1.0419409475852597,0
0.7467303276062012,1.1355001144426642,1.0419409475852597,0
0.7493982315063477,1.1355001144426642,1.0419409475852597,0
0.7520651817321777,1.1355001144426642,1.0419409475852597,0
0.7547292709350586,1.1355001144426642,1.0419409475852597,0
0.757394552230835,1.1355001144426642,1.0419409475852597,0
0.760061502456665,1.1355001144426642,1.0419409475852597,0
0.7627182006835938,1.1355001144426642,1.0419409475852597,0
0.7653825283050537,1.1355001144426642,1.0419409475852597,0
0.7680809497833252,1.1355001144426642,1.0419409475852597,0
0.7707452774047852,1.1355001144426642,1.0419409475852597,0
0.7734100818634033,1.1355001144426642,1.0419409475852597,0
0.7760703563690186,1.1355001144426642,1.0419409475852597,0
0.7787325382232666,1.1355001144426642,1.0419409475852597,0
0.7813944816589355,1.1355001144426642,1.0419409475852597,0
0.7840569019317627,1.1355001144426642,1.0419409475852597,0
0.7867200374603271,1.1355001144426642,1.0419409475852597,0
0.7894120216369629,1.1355001144426642,1.0419409475852597,0
0.7920832633972168,1.1355001144426642,1.0419409475852597,0
0.7947499752044678,1.1355001144426642,1.0419409475852597,0
0.7974092960357666,1.1355001144426642,1.0419409475852597,0
0.8000729084014893,1.1355001144426642,1.0419409475852597,0
0.8027281761169434,1.1355001144426642,1.0419409475852597,0
0.8054153919219971,1.1355001144426642,1.0419409475852597,0
0.8080863952636719,1.1355001144426642,1.0419409475852597,0
0.8107492923736572,1.1355001144426642,1.0419409475852597,0
0.8134093284606934,1.1355001144426642,1.0419409475852597,0
0.8160669803619385,1.1355001144426642,1.0419409475852597,0
0.8187227249145508,1.1355001144426642,1.0419409475852597,0
0.8213849067687988,1.1355001144426642,1.0419409475852597,0
0.8242413997650146,1.1355001144426642,1.0419409475852597,0
0.8270604610443115,1.1355001144426642,1.0419409475852597,0
0.8297460079193115,1.1355001144426642,1.0419409475852597,0
0.8324184417724609,1.1355001144426642,1.0419409475852597,0
0.8350865840911865,1.1355001144426642,1.0419409475852597,0
0.8377578258514404,1.1355001144426642,1.0419409475852597,0
0.8404219150543213,1.1355001144426642,1.0419409475852597,0
0.8430850505828857,1.1355001144426642,1.0419409475852597,0
0.8457808494567871,1.1355001144426642,1.0419409475852597,0
0.8484528064727783,1.1355001144426642,1.0419409475852597,0
0.851116418838501,1.1355001144426642,1.0419409475852597,0
0.8537771701812744,1.1355001144426642,1.0419409475852597,0
0.8564367294311523,1.1355001144426642,1.0419409475852597,0
0.8591036796569824,1.1355001144426642,1.0419409475852597,0
0.8617632389068604,1.1355001144426642,1.0419409475852597,0
0.8644230365753174,1.1355001144426642,1.0419409475852597,0
0.8672876358032227,1.1355001144426642,1.0419409475852597,0
0.8699686527252197,1.1355001144426642,1.0419409475852597,0
0.8726387023925781,1.1355001144426642,1.0419409475852597,0
0.875307559967041,1.1355001144426642,1.0419409475852597,0
0.8780062198638916,1.1355001144426642,1.0419409475852597,0
0.880678653717041,1.1355001144426642,1.0419409475852597,0
0.8835344314575195,1.1355001144426642,1.0419409475852597,0
0.8862709999084473,1.1355001144426642,1.0419409475852597,0
0.8889532089233398,1.1355001144426642,1.0419409475852597,0
0.8916265964508057,1.1355001144426642,1.0419409475852597,0
0.8942930698394775,1.1355001144426642,1.0419409475852597,0
0.8969581127166748,1.1355001144426642,1.0419409475852597,0
0.8996248245239258,1.1355001144426642,1.0419409475852597,0
0.9022901058197021,1.1355001144426642,1.0419409475852597,0
0.904958963394165,1.1355001144426642,1.0419409475852597,0
0.9076266288757324,1.1355001144426642,1.0419409475852597,0
0.9102954864501953,1.1355001144426642,1.0419409475852597,0
0.9129619598388672,1.1355001144426642,1.0419409475852597,0
0.9156289100646973,1.1355001144426642,1.0419409475852597,0
0.9182918071746826,1.1355001144426642,1.0419409475852597,0
0.9209563732147217,1.1355001144426642,1.0419409475852597,0
0.9236447811126709,1.1355001144426642,1.0419409475852597,0
0.9265787601470947,1.1355001144426642,1.0419409475852597,0
0.9292571544647217,1.1355001144426642,1.0419409475852597,0
0.931931734085083,1.1355001144426642,1.0419409475852597,0
0.9346034526824951,1.1355001144426642,1.0419409475852597,0
0.9375600814819336,1.1355001144426642,1.0419409475852597,0
0.9404261112213135,1.1355001144426642,1.0419409475852597,0
0.9431052207946777,1.1355001144426642,1.0419409475852597,0
0.9457759857177734,1.1355001144426642,1.0419409475852597,0
0.948474645614624,1.1355001144426642,1.0419409475852597,0
0.9511456489562988,1.1355001144426642,1.0419409475852597,0
0.9538137912750244,1.1355001144426642,1.0419409475852597,0
0.9565079212188721,1.1355001144426642,1.0419409475852597,0
0.9592239856719971,1.1355001144426642,1.0419409475852597,0
0.9618988037109375,1.1355001144426642,1.0419409475852597,0
0.9645683765411377,1.1355001144426642,1.0419409475852597,0
0.9672636985778809,1.1355001144426642,1.0419409475852597,0
0.9699311256408691,1.1355001144426642,1.0419409475852597,0
0.9725978374481201,1.1355001144426642,1.0419409475852597,0
0.9753003120422363,1.1355001144426642,1.0419409475852597,0
0.9780066013336182,1.1355001144426642,1.0419409475852597,0
0.9806733131408691,1.1355001144426642,1.0419409475852597,0
0.9833440780639648,1.1355001144426642,1.0419409475852597,0
0.9860508441925049,1.1355001144426642,1.0419409475852597,0
0.9887256622314453,1.1355001144426642,1.0419409475852597,0
0.9913961887359619,1.1355001144426642,1.0419409475852597,0
0.9940681457519531,1.1355001144426642,1.0419409475852597,0
0.9967453479766846,1.1355001144426642,1.0419409475852597,0
0.9994139671325684,1.1355001144426642,1.0419409475852597,0
1.002086877822876,1.1096681162737467,1.0419409475852597,1
1.0048346519470215,1.077390707255665,1.0419409475852597,1
1.007917881011963,1.0741680018310824,1.0419409475852597,1
1.0105996131896973,1.077390707255665,1.0419409475852597,1
1.0132744312286377,1.0806134126802471,1.0419409475852597,1
1.0159435272216797,1.0806134126802471,1.0419409475852597,1
1.0186128616333008,1.0806134126802471,1.0419409475852597,1
1.0212793350219727,1.0806134126802471,1.0419409475852597,1
1.0241639614105225,1.0806134126802471,1.0419409475852597,1
1.0269544124603271,1.077390707255665,1.0419409475852597,1
1.029637336730957,1.077390707255665,1.045163653009842,1
1.032297134399414,1.077390707255665,1.045163653009842,1
1.0349574089050293,1.077390707255665,1.045163653009842,1
1.0376272201538086,1.0741680018310824,1.045163653009842,1
1.040287971496582,1.0741680018310824,1.045163653009842,1
1.0429470539093018,1.0709452964065003,1.045163653009842,1
1.0456035137176514,1.0709452964065003,1.045163653009842,1
1.0482795238494873,1.0709452964065003,1.045163653009842,1
1.050938367843628,1.0709452964065003,1.0483863584344244,1
1.0535953044891357,1.0709452964065003,1.0483863584344244,1
1.056255578994751,1.067722590981918,1.0483863584344244,1
1.0589301586151123,1.067722590981918,1.0483863584344244,1
1.0615956783294678,1.067722590981918,1.0516090638590065,1
1.0642623901367188,1.067722590981918,1.0483863584344244,1
1.0669291019439697,1.0644998855573358,1.0516090638590065,1
1.0695929527282715,1.0644998855573358,1.0516090638590065,1
1.0722908973693848,1.0612771801327536,1.0516090638590065,1
1.074958324432373,1.0612771801327536,1.0516090638590065,1
1.0776214599609375,1.0612771801327536,1.054831769283589,1
1.080286979675293,1.058054474708171,1.054831769283589,1
1.0829505920410156,1.058054474708171,1.054831769283589,1
1.0856211185455322,1.058054474708171,1.054831769283589,1
1.088292121887207,1.054831769283589,1.058054474708171,1
1.0909569263458252,1.054831769283589,1.058054474708171,1
1.0936245918273926,1.0516090638590065,1.058054474708171,1
1.0962893962860107,1.0516090638590065,1.0612771801327536,1
1.098954677581787,1.0516090638590065,1.0612771801327536,1
1.1016182899475098,1.0483863584344244,1.0644998855573358,1
1.104278802871704,1.045163653009842,1.067722590981918,1
1.1069395542144775,1.045163653009842,1.0709452964065003,1
1.1095995903015137,1.0419409475852597,1.0709452964065003,1
1.112398386001587,1.0419409475852597,1.0741680018310824,1
1.1151418685913086,1.0387182421606773,1.077390707255665,1
1.1178545951843262,1.0387182421606773,1.0838864728770885,1
1.1205339431762695,1.0354955367360952,1.0871091783016709,1
1.1232059001922607,1.032272831311513,1.0935545891508354,1
1.1258773803710938,1.032272831311513,1.0967772945754177,1
1.1285483837127686,1.0289997711146714,1.1064454108491646,1
1.131218671798706,1.0257770656900893,1.1161135271229115,1
1.1338839530944824,1.0257770656900893,1.1322270542458228,1
1.1365554332733154,1.022554360265507,1.1516136415655756,1
1.1392221450805664,1.0193316548409246,1.1741725795376516,1
1.1418883800506592,1.0161089494163424,1.1967818722819865,1
1.1445496082305908,1.0161089494163424,1.225786221103227,1
1.1472485065460205,1.01288624399176,1.2580636301213093,1
1.1499156951904297,1.009663538567178,1.2838452735179673,1
1.1525802612304688,1.009663538567178,1.2903410391393912,1
1.1552448272705078,1.009663538567178,1.2806225680933851,1
1.1579382419586182,1.01288624399176,1.2612863355458914,1
1.1606123447418213,1.01288624399176,1.2387273975738156,1
1.163275957107544,1.01288624399176,1.222563515678645,1
1.1659445762634277,1.0161089494163424,1.2032272831311512,1
1.1686067581176758,1.0161089494163424,1.1871137560082399,1
1.1712720394134521,1.0193316548409246,1.1741725795376516,1
1.1739351749420166,1.0193316548409246,1.1645044632639048,1
1.1767549514770508,1.0193316548409246,1.15805905241474,1
1.1794438362121582,1.0193316548409246,1.1516136415655756,1
1.1821188926696777,1.0193316548409246,1.145168230716411,1
1.1847901344299316,1.0193316548409246,1.145168230716411,1
1.1874589920043945,1.022554360265507,1.145168230716411,1
1.1901288032531738,1.0193316548409246,1.1419455252918287,1
1.1929118633270264,1.022554360265507,1.145168230716411,1
1.1955888271331787,1.0193316548409246,1.1483909361409934,1
1.1982550621032715,1.0193316548409246,1.154836346990158,1
1.2009201049804688,1.0193316548409246,1.1612817578393224,1
1.2036237716674805,1.0193316548409246,1.1741725795376516,1
1.2062911987304688,1.0193316548409246,1.1871137560082399,1
1.2089557647705078,1.0161089494163424,1.200004577706569,1
1.2116191387176514,1.0161089494163424,1.2193408102540628,1
1.2142837047576904,1.01288624399176,1.2387273975738156,1
1.2169482707977295,1.01288624399176,1.254840924696727,1
1.2196059226989746,1.009663538567178,1.2741771572442206,1
1.2222635746002197,1.009663538567178,1.2806225680933851,1
1.2249736785888672,1.009663538567178,1.2741771572442206,1
1.2277264595031738,1.01288624399176,1.2612863355458914,1
1.2303943634033203,1.01288624399176,1.2483955138475622,1
1.2330586910247803,1.01288624399176,1.2354543373769742,1
1.2357182502746582,1.01288624399176,1.225786221103227,1
1.2383818626403809,1.0161089494163424,1.2161181048294805,1
1.2410476207733154,1.0161089494163424,1.212895399404898,1
1.2438020706176758,1.0161089494163424,1.2096726939803157,1
1.2465028762817383,1.0161089494163424,1.2064499885557336,1
1.2491726875305176,1.0161089494163424,1.2096726939803157,1
1.2518320083618164,1.0161089494163424,1.212895399404898,1
1.254490852355957,1.0161089494163424,1.2193408102540628,1
1.257204294204712,1.01288624399176,1.2290089265278095,1
1.2598772048950195,1.01288624399176,1.2387273975738156,1
1.2625470161437988,1.01288624399176,1.2516182192721446,1
1.2652146816253662,1.009663538567178,1.2645090409704736,1
1.2679157257080078,1.009663538567178,1.2741771572442206,1
1.270587682723999,1.009663538567178,1.2741771572442206,1
1.2732560634613037,1.009663538567178,1.267731746395056,1
1.275925874710083,1.009663538567178,1.2580636301213093,1
1.278592586517334,1.009663538567178,1.2483955138475622,1
1.2812609672546387,1.01288624399176,1.2419501029983977,1
1.2839257717132568,1.01288624399176,1.2354543373769742,1
1.2865986824035645,1.01288624399176,1.2322316319523918,1
1.2892613410949707,1.01288624399176,1.2322316319523918,1
1.2919633388519287,1.01288624399176,1.2354543373769742,1
1.2946312427520752,1.01288624399176,1.2387273975738156,1
1.2973370552062988,1.009663538567178,1.2483955138475622,1
1.3000025749206543,1.009663538567178,1.254840924696727,1
1.302666425704956,1.009663538567178,1.2645090409704736,1
1.3053324222564697,1.009663538567178,1.267731746395056,1
1.3080315589904785,1.009663538567178,1.267731746395056,1
1.3107030391693115,1.009663538567178,1.267731746395056,1
1.3133666515350342,1.01288624399176,1.2612863355458914,1
1.3160340785980225,1.01288624399176,1.254840924696727,1
1.3186976909637451,1.01288624399176,1.2483955138475622,1
1.3213615417480469,1.01288624399176,1.24517280842298,1
1.3240249156951904,1.01288624399176,1.2419501029983977,1
1.3266916275024414,1.01288624399176,1.2419501029983977,1
1.329357385635376,1.01288624399176,1.2483955138475622,1
1.3320209980010986,1.01288624399176,1.2483955138475622,1
1.3346824645996094,1.01288624399176,1.254840924696727,1
1.3373408317565918,1.01288624399176,1.2612863355458914,1
1.3400044441223145,1.009663538567178,1.2612863355458914,1
1.3426637649536133,1.009663538567178,1.2645090409704736,1
1.3453240394592285,1.009663538567178,1.2612863355458914,1
1.3480277061462402,1.009663538567178,1.2612863355458914,1
1.3506903648376465,1.009663538567178,1.2580636301213093,1
1.3533508777618408,1.009663538567178,1.2516182192721446,1
1.3560128211975098,1.009663538567178,1.2516182192721446,1
1.3586750030517578,1.009663538567178,1.2516182192721446,1
1.3613345623016357,1.009663538567178,1.2516182192721446,1
1.363997220993042,1.009663538567178,1.254840924696727,1
1.36665940284729,1.009663538567178,1.2580636301213093,1
1.3693180084228516,1.009663538567178,1.2612863355458914,1
1.3719756603240967,1.009663538567178,1.2612863355458914,1
1.3746404647827148,1.009663538567178,1.2612863355458914,1
1.3773314952850342,1.01288624399176,1.2612863355458914,1
1.3799960613250732,1.01288624399176,1.2580636301213093,1
1.382659673690796,1.009663538567178,1.2580636301213093,1
1.3853232860565186,1.009663538567178,1.254840924696727,1
1.3880112171173096,1.01288624399176,1.2516182192721446,1
1.390697956085205,1.01288624399176,1.254840924696727,1
1.3933701515197754,1.01288624399176,1.254840924696727,1
1.3960325717926025,1.01288624399176,1.2580636301213093,1
1.398697853088379,1.009663538567178,1.2580636301213093,1
1.4013569355010986,1.01288624399176,1.2612863355458914,1
1.4040186405181885,1.009663538567178,1.2612863355458914,1
1.4066781997680664,1.009663538567178,1.2612863355458914,1
1.409337043762207,1.009663538567178,1.2580636301213093,1
1.4119985103607178,1.009663538567178,1.2580636301213093,1
1.4146606922149658,1.009663538567178,1.2580636301213093,1
1.417344570159912,1.009663538567178,1.254840924696727,1
1.4200012683868408,1.009663538567178,1.2580636301213093,1
1.422656536102295,1.01288624399176,1.2580636301213093,1
1.4254913330078125,1.009663538567178,1.2580636301213093,1
1.4282681941986084,1.009663538567178,1.2580636301213093,1
1.4309508800506592,1.01288624399176,1.2580636301213093,1
1.4336199760437012,1.009663538567178,1.2612863355458914,1
1.4362809658050537,1.009663538567178,1.2580636301213093,1
1.4389476776123047,1.009663538567178,1.2580636301213093,1
1.4416050910949707,1.01288624399176,1.2580636301213093,1
1.4442625045776367,1.009663538567178,1.2580636301213093,1
1.4469492435455322,1.009663538567178,1.254840924696727,1
1.4496164321899414,1.009663538567178,1.2580636301213093,1
1.4522767066955566,1.01288624399176,1.2580636301213093,1
1.45493483543396,1.01288624399176,1.2580636301213093,1
1.4575982093811035,1.009663538567178,1.2612863355458914,1
1.4602527618408203,1.009663538567178,1.2580636301213093,1
1.462914228439331,1.009663538567178,1.2580636301213093,1
1.4655735492706299,1.01288624399176,1.2580636301213093,1
1.4682519435882568,1.009663538567178,1.2580636301213093,1
1.4709289073944092,1.009663538567178,1.2580636301213093,1
1.473597526550293,1.01288624399176,1.2580636301213093,1
1.4762701988220215,1.009663538567178,1.2580636301213093,1
1.478938341140747,1.01288624399176,1.2580636301213093,1
1.4816086292266846,1.01288624399176,1.2580636301213093,1
1.484273910522461,1.009663538567178,1.2612863355458914,1
1.4869403839111328,1.009663538567178,1.2580636301213093,1
1.4896032810211182,1.009663538567178,1.2612863355458914,1
1.4922935962677002,1.01288624399176,1.2580636301213093,1
1.4949612617492676,1.009663538567178,1.2580636301213093,1
1.4976227283477783,1.01288624399176,1.2580636301213093,1
1.5002834796905518,1.009663538567178,1.2580636301213093,1
1.5029449462890625,1.01288624399176,1.2645090409704736,0
1.5056087970733643,1.0161089494163424,1.2645090409704736,0
1.5082719326019287,1.0161089494163424,1.2612863355458914,0
1.510934591293335,1.0193316548409246,1.2483955138475622,0
1.5135924816131592,1.0193316548409246,1.2354543373769742,0
1.51625394821167,1.0193316548409246,1.2193408102540628,0
1.5189135074615479,1.022554360265507,1.1967818722819865,0
1.521599531173706,1.0257770656900893,1.1741725795376516,0
1.524259328842163,1.0289997711146714,1.1483909361409934,0
1.526921272277832,1.032272831311513,1.122558937972076,0
1.5295796394348145,1.0354955367360952,1.1064454108491646,0
1.5322377681732178,1.0419409475852597,1.090331883726253,0
1.5348973274230957,1.0516090638590065,1.077390707255665,0
1.5375618934631348,1.058054474708171,1.067722590981918,0
1.540222406387329,1.0709452964065003,1.058054474708171,0
1.5428781509399414,1.0935545891508354,1.0483863584344244,0
1.5455398559570312,1.125781643396658,1.0419409475852597,0
1.54819655418396,1.1387228198672465,1.0419409475852597,0
1.5508580207824707,1.1290043488212407,1.045163653009842,0
1.553516149520874,1.122558937972076,1.045163653009842,0
1.556178092956543,1.1193362325474936,1.045163653009842,0
1.5588338375091553,1.1193362325474936,1.045163653009842,0
1.561495304107666,1.1193362325474936,1.045163653009842,0
1.564157247543335,1.122558937972076,1.045163653009842,0
1.5668163299560547,1.125781643396658,1.0419409475852597,0
1.5694773197174072,1.1322270542458228,1.0419409475852597,0
1.5721347332000732,1.1355001144426642,1.0419409475852597,0
1.5747952461242676,1.1322270542458228,1.0419409475852597,0
1.5774550437927246,1.1322270542458228,1.0419409475852597,0
1.5801153182983398,1.1355001144426642,1.0419409475852597,0
1.5827710628509521,1.1355001144426642,1.0419409475852597,0
1.5854313373565674,1.1355001144426642,1.0419409475852597,0
1.5880889892578125,1.1355001144426642,1.0419409475852597,0
1.5907490253448486,1.1355001144426642,1.0419409475852597,0
1.593416452407837,1.1355001144426642,1.0419409475852597,0
1.596076250076294,1.1355001144426642,1.0419409475852597,0
1.5987391471862793,1.1355001144426642,1.0419409475852597,0
1.6013996601104736,1.1355001144426642,1.0419409475852597,0
1.604060173034668,1.1355001144426642,1.0419409475852597,0
1.6067242622375488,1.1355001144426642,1.0419409475852597,0
1.6093833446502686,1.1355001144426642,1.0419409475852597,0
1.6120424270629883,1.1355001144426642,1.0419409475852597,0
1.6147029399871826,1.1355001144426642,1.0419409475852597,0
1.6173593997955322,1.1355001144426642,1.0419409475852597,0
1.62001633644104,1.1355001144426642,1.0419409475852597,0
1.6226723194122314,1.1355001144426642,1.0419409475852597,0
1.6253318786621094,1.1355001144426642,1.0419409475852597,0
1.6282012462615967,1.1355001144426642,1.0419409475852597,0
1.6308774948120117,1.1355001144426642,1.0419409475852597,0
1.6335484981536865,1.1355001144426642,1.0419409475852597,0
1.6362159252166748,1.1355001144426642,1.0419409475852597,0
1.638885736465454,1.1355001144426642,1.0419409475852597,0
1.6415488719940186,1.1355001144426642,1.0419409475852597,0
1.644209861755371,1.1355001144426642,1.0419409475852597,0
1.6468734741210938,1.1355001144426642,1.0419409475852597,0
1.6495332717895508,1.1355001144426642,1.0419409475852597,0
1.652189016342163,1.1355001144426642,1.0419409475852597,0
1.6548714637756348,1.1355001144426642,1.0419409475852597,0
1.657550573348999,1.1355001144426642,1.0419409475852597,0
1.660217523574829,1.1355001144426642,1.0419409475852597,0
1.6628880500793457,1.1355001144426642,1.0419409475852597,0
1.665557622909546,1.1355001144426642,1.0419409475852597,0
1.6682236194610596,1.1355001144426642,1.0419409475852597,0
1.6708850860595703,1.1355001144426642,1.0419409475852597,0
1.6735467910766602,1.1355001144426642,1.0419409475852597,0
1.6762092113494873,1.1355001144426642,1.0419409475852597,0
1.6788721084594727,1.1355001144426642,1.0419409475852597,0
1.6815319061279297,1.1355001144426642,1.0419409475852597,0
1.6841938495635986,1.1355001144426642,1.0419409475852597,0
1.686854362487793,1.1355001144426642,1.0419409475852597,0
1.6895129680633545,1.1355001144426642,1.0419409475852597,0
1.6921744346618652,1.1355001144426642,1.0419409475852597,0
1.6948349475860596,1.1355001144426642,1.0419409475852597,0
1.6974964141845703,1.1355001144426642,1.0419409475852597,0
1.7001569271087646,1.1355001144426642,1.0419409475852597,0
1.7028160095214844,1.1355001144426642,1.0419409475852597,0
1.7054777145385742,1.1355001144426642,1.0419409475852597,0
1.7081432342529297,1.1355001144426642,1.0419409475852597,0
1.710803508758545,1.1355001144426642,1.0419409475852597,0
1.713463544845581,1.1355001144426642,1.0419409475852597,0
1.716123342514038,1.1355001144426642,1.0419409475852597,0
1.7187840938568115,1.1355001144426642,1.0419409475852597,0
1.721459150314331,1.1355001144426642,1.0419409475852597,0
1.7241806983947754,1.1355001144426642,1.0419409475852597,0
1.7269294261932373,1.1355001144426642,1.0419409475852597,0
1.7296724319458008,1.1355001144426642,1.0419409475852597,0
1.7324042320251465,1.1355001144426642,1.0419409475852597,0
1.7351469993591309,1.1355001144426642,1.0419409475852597,0
1.738013744354248,1.1355001144426642,1.0419409475852597,0
1.7406795024871826,1.1355001144426642,1.0419409475852597,0
1.743398904800415,1.1355001144426642,1.0419409475852597,0
1.7461869716644287,1.1355001144426642,1.0419409475852597,0
1.7489471435546875,1.1355001144426642,1.0419409475852597,0
1.7516682147979736,1.1355001144426642,1.0419409475852597,0
1.754417896270752,1.1355001144426642,1.0419409475852597,0
1.7572705745697021,1.1355001144426642,1.0419409475852597,0
1.759948492050171,1.1355001144426642,1.0419409475852597,0
1.7626724243164062,1.1355001144426642,1.0419409475852597,0
1.7654168605804443,1.1355001144426642,1.0419409475852597,0
1.7681617736816406,1.1355001144426642,1.0419409475852597,0
1.7708983421325684,1.1355001144426642,1.0419409475852597,0
1.7736358642578125,1.1355001144426642,1.0419409475852597,0
1.7764534950256348,1.1355001144426642,1.0419409475852597,0
1.7791180610656738,1.1355001144426642,1.0419409475852597,0
1.7819030284881592,1.1355001144426642,1.0419409475852597,0
1.7846505641937256,1.1355001144426642,1.0419409475852597,0
1.787390947341919,1.1355001144426642,1.0419409475852597,0
1.7901208400726318,1.1355001144426642,1.0419409475852597,0
1.7928884029388428,1.1355001144426642,1.0419409475852597,0
1.7957038879394531,1.1355001144426642,1.0419409475852597,0
1.798370361328125,1.1355001144426642,1.0419409475852597,0
1.8011243343353271,1.1355001144426642,1.0419409475852597,0
1.8038649559020996,1.1355001144426642,1.0419409475852597,0
1.806607961654663,1.1355001144426642,1.0419409475852597,0
1.8093383312225342,1.1355001144426642,1.0419409475852597,0
1.8120803833007812,1.1355001144426642,1.0419409475852597,0
1.8148257732391357,1.1355001144426642,1.0419409475852597,0
1.8174855709075928,1.1355001144426642,1.0419409475852597,0
1.8202259540557861,1.1355001144426642,1.0419409475852597,0
1.8230369091033936,1.1355001144426642,1.0419409475852597,0
1.8257040977478027,1.1355001144426642,1.0419409475852597,0
1.8285131454467773,1.1355001144426642,1.0419409475852597,0
1.8312671184539795,1.1355001144426642,1.0419409475852597,0
1.8340144157409668,1.1355001144426642,1.0419409475852597,0
1.836747169494629,1.1355001144426642,1.0419409475852597,0
1.839491844177246,1.1355001144426642,1.0419409475852597,0
1.8423044681549072,1.1355001144426642,1.0419409475852597,0
1.8449630737304688,1.1355001144426642,1.0419409475852597,0
1.8477201461791992,1.1355001144426642,1.0419409475852597,0
1.850466012954712,1.1355001144426642,1.0419409475852597,0
1.8532090187072754,1.1355001144426642,1.0419409475852597,0
1.8559412956237793,1.1355001144426642,1.0419409475852597,0
1.8586933612823486,1.1355001144426642,1.0419409475852597,0
1.8615124225616455,1.1355001144426642,1.0419409475852597,0
1.8641798496246338,1.1355001144426642,1.0419409475852597,0
1.8669250011444092,1.1355001144426642,1.0419409475852597,0
1.869673728942871,1.1355001144426642,1.0419409475852597,0
1.8724164962768555,1.1355001144426642,1.0419409475852597,0
1.8751485347747803,1.1355001144426642,1.0419409475852597,0
1.8779244422912598,1.1355001144426642,1.0419409475852597,0
1.880744457244873,1.1355001144426642,1.0419409475852597,0
1.8834402561187744,1.1355001144426642,1.0419409475852597,0
1.8863446712493896,1.1355001144426642,1.0419409475852597,0
1.8891100883483887,1.1355001144426642,1.0419409475852597,0
1.8919594287872314,1.1355001144426642,1.0419409475852597,0
1.8947079181671143,1.1355001144426642,1.0419409475852597,0
1.8974542617797852,1.1355001144426642,1.0419409475852597,0
1.9001922607421875,1.1355001144426642,1.0419409475852597,0
1.9029371738433838,1.1355001144426642,1.0419409475852597,0
1.905606985092163,1.1355001144426642,1.0419409475852597,0
1.908376693725586,1.1355001144426642,1.0419409475852597,0
1.9111969470977783,1.1355001144426642,1.0419409475852597,0
1.9138638973236084,1.1355001144426642,1.0419409475852597,0
1.9166169166564941,1.1355001144426642,1.0419409475852597,0
1.9193687438964844,1.1355001144426642,1.0419409475852597,0
1.9221174716949463,1.1355001144426642,1.0419409475852597,0
1.9248554706573486,1.1355001144426642,1.0419409475852597,0
1.9276025295257568,1.1355001144426642,1.0419409475852597,0
1.930419683456421,1.1355001144426642,1.0419409475852597,0
1.9330823421478271,1.1355001144426642,1.0419409475852597,0
1.935847282409668,1.1355001144426642,1.0419409475852597,0
1.9385895729064941,1.1355001144426642,1.0419409475852597,0
1.9413292407989502,1.1355001144426642,1.0419409475852597,0
1.9440665245056152,1.1355001144426642,1.0419409475852597,0
1.9468128681182861,1.1355001144426642,1.0419409475852597,0
1.9496207237243652,1.1355001144426642,1.0419409475852597,0
1.9522874355316162,1.1355001144426642,1.0419409475852597,0
1.9550719261169434,1.1355001144426642,1.0419409475852597,0
1.9578158855438232,1.1355001144426642,1.0419409475852597,0
1.9605841636657715,1.1355001144426642,1.0419409475852597,0
1.9633140563964844,1.1355001144426642,1.0419409475852597,0
1.9660611152648926,1.1355001144426642,1.0419409475852597,0
1.9688708782196045,1.1355001144426642,1.0419409475852597,0
1.9715259075164795,1.1355001144426642,1.0419409475852597,0
1.974311113357544,1.1355001144426642,1.0419409475852597,0
1.9771721363067627,1.1355001144426642,1.0419409475852597,0
1.9799978733062744,1.1355001144426642,1.0419409475852597,0
1.9826641082763672,1.1355001144426642,1.0419409475852597,0
1.9855921268463135,1.1355001144426642,1.0419409475852597,0
1.988365888595581,1.1355001144426642,1.0419409475852597,0
1.9911253452301025,1.1355001144426642,1.0419409475852597,0
1.993802547454834,1.1355001144426642,1.0419409475852597,0
1.9965567588806152,1.1355001144426642,1.0419409475852597,0
1.999382734298706,1.1355001144426642,1.0419409475852597,0
2.0020523071289062,1.1355001144426642,1.0419409475852597,1
2.004814624786377,1.0871091783016709,1.0419409475852597,1
2.0075697898864746,1.0741680018310824,1.0419409475852597,1
2.0103116035461426,1.0741680018310824,1.0419409475852597,1
2.0130484104156494,1.0806134126802471,1.0419409475852597,1
2.0157973766326904,1.0806134126802471,1.0419409475852597,1
2.018622398376465,1.0806134126802471,1.0419409475852597,1
2.0212924480438232,1.0806134126802471,1.0419409475852597,1
2.0240375995635986,1.077390707255665,1.045163653009842,1
2.027198076248169,1.077390707255665,1.045163653009842,1
2.0300750732421875,1.077390707255665,1.045163653009842,1
2.0328261852264404,1.0741680018310824,1.045163653009842,1
2.0355725288391113,1.0741680018310824,1.045163653009842,1
2.038309097290039,1.0741680018310824,1.045163653009842,1
2.041048765182495,1.0741680018310824,1.045163653009842,1
2.0438573360443115,1.0709452964065003,1.045163653009842,1
2.0465495586395264,1.0709452964065003,1.045163653009842,1
2.049276113510132,1.0709452964065003,1.045163653009842,1
2.0520169734954834,1.0709452964065003,1.0483863584344244,1
2.054752826690674,1.067722590981918,1.0483863584344244,1
2.0574910640716553,1.067722590981918,1.0483863584344244,1
2.0602359771728516,1.067722590981918,1.0516090638590065,1
2.0630407333374023,1.067722590981918,1.0483863584344244,1
2.0657057762145996,1.0644998855573358,1.0516090638590065,1
2.0685393810272217,1.0644998855573358,1.0516090638590065,1
2.071284532546997,1.0612771801327536,1.0516090638590065,1
2.074033498764038,1.0612771801327536,1.0516090638590065,1
2.076768636703491,1.0612771801327536,1.054831769283589,1
2.0795087814331055,1.058054474708171,1.054831769283589,1
2.0823216438293457,1.058054474708171,1.054831769283589,1
2.0849826335906982,1.058054474708171,1.054831769283589,1
2.087764024734497,1.054831769283589,1.058054474708171,1
2.0905041694641113,1.054831769283589,1.058054474708171,1
2.0932440757751465,1.0516090638590065,1.058054474708171,1
2.095987558364868,1.0516090638590065,1.0612771801327536,1
2.098726749420166,1.0483863584344244,1.0612771801327536,1
2.101464033126831,1.0483863584344244,1.0644998855573358,1
2.1041259765625,1.045163653009842,1.067722590981918,1
2.1068742275238037,1.045163653009842,1.0709452964065003,1
2.1096885204315186,1.0419409475852597,1.0709452964065003,1
2.1123499870300293,1.0419409475852597,1.077390707255665,1
2.1150989532470703,1.0387182421606773,1.0806134126802471,1
2.117865800857544,1.0354955367360952,1.0838864728770885,1
2.1206183433532715,1.0354955367360952,1.0871091783016709,1
2.123351812362671,1.032272831311513,1.0935545891508354,1
2.126100540161133,1.0289997711146714,1.1032227054245822,1
2.128916025161743,1.0289997711146714,1.112890821698329,1
2.131584882736206,1.0257770656900893,1.125781643396658,1
2.1343350410461426,1.022554360265507,1.1419455252918287,1
2.1371171474456787,1.0193316548409246,1.1645044632639048,1
2.139859914779663,1.0193316548409246,1.190336461432822,1
2.1425817012786865,1.0161089494163424,1.2193408102540628,1
2.1453230381011963,1.01288624399176,1.2516182192721446,1
2.148181676864624,1.01288624399176,1.2773998626688028,1
2.1508617401123047,1.009663538567178,1.2903410391393912,1
2.1535823345184326,1.009663538567178,1.2806225680933851,1
2.156322717666626,1.009663538567178,1.2612863355458914,1
2.1590635776519775,1.01288624399176,1.2419501029983977,1
2.1617987155914307,1.01288624399176,1.222563515678645,1
2.164538621902466,1.0161089494163424,1.2096726939803157,1
2.1673827171325684,1.0161089494163424,1.190336461432822,1
2.170428514480591,1.0161089494163424,1.1806179903868161,1
2.1731319427490234,1.0193316548409246,1.1709498741130693,1
2.175863742828369,1.0193316548409246,1.1612817578393224,1
2.1786744594573975,1.0193316548409246,1.15805905241474,1
2.1814260482788086,1.0193316548409246,1.154836346990158,1
2.184112071990967,1.0193316548409246,1.154836346990158,1
2.186856985092163,1.0193316548409246,1.154836346990158,1
2.1896743774414062,1.0193316548409246,1.15805905241474,1
2.192338466644287,1.0193316548409246,1.1645044632639048,1
2.1950981616973877,1.0193316548409246,1.1709498741130693,1
2.19785213470459,1.0161089494163424,1.1838406958113985,1
2.200601100921631,1.0161089494163424,1.1967818722819865,1
2.2033309936523438,1.0161089494163424,1.2096726939803157,1
2.206073760986328,1.01288624399176,1.225786221103227,1
2.208932876586914,1.01288624399176,1.2419501029983977,1
2.2116191387176514,1.009663538567178,1.2612863355458914,1
2.2143449783325195,1.009663538567178,1.267731746395056,1
2.217125415802002,1.009663538567178,1.2741771572442206,1
2.2198710441589355,1.009663538567178,1.267731746395056,1
2.222594976425171,1.009663538567178,1.2612863355458914,1
2.225341320037842,1.01288624399176,1.2483955138475622,1
2.228719472885132,1.01288624399176,1.2387273975738156,1
2.2314810752868652,1.01288624399176,1.2322316319523918,1
2.2343060970306396,1.01288624399176,1.2290089265278095,1
2.2369749546051025,1.01288624399176,1.2290089265278095,1
2.239715337753296,1.01288624399176,1.2290089265278095,1
2.2424542903900146,1.01288624399176,1.2354543373769742,1
2.2451894283294678,1.01288624399176,1.2419501029983977,1
2.247955322265625,1.01288624399176,1.2483955138475622,1
2.2506959438323975,1.009663538567178,1.2580636301213093,1
2.2534942626953125,1.009663538567178,1.2645090409704736,1
2.256152391433716,1.009663538567178,1.267731746395056,1
2.25891375541687,1.009663538567178,1.2645090409704736,1
2.261655569076538,1.009663538567178,1.2612863355458914,1
2.264397144317627,1.009663538567178,1.254840924696727,1
2.2671563625335693,1.009663538567178,1.2483955138475622,1
2.2699050903320312,1.009663538567178,1.24517280842298,1
2.272723436355591,1.009663538567178,1.2419501029983977,1
2.275407075881958,1.009663538567178,1.24517280842298,1
2.2781434059143066,1.009663538567178,1.2483955138475622,1
2.2808899879455566,1.009663538567178,1.2516182192721446,1
2.283634662628174,1.009663538567178,1.2580636301213093,1
2.286367416381836,1.009663538567178,1.2612863355458914,1
2.289112091064453,1.009663538567178,1.2612863355458914,1
2.2919209003448486,1.009663538567178,1.2612863355458914,1
2.2945873737335205,1.01288624399176,1.2612863355458914,1
2.2973947525024414,1.01288624399176,1.2580636301213093,1
2.3001365661621094,1.01288624399176,1.254840924696727,1
2.3028719425201416,1.01288624399176,1.254840924696727,1
2.3056070804595947,1.01288624399176,1.254840924696727,1
2.308342695236206,1.01288624399176,1.254840924696727,1
2.311084508895874,1.01288624399176,1.254840924696727,1
2.313748598098755,1.01288624399176,1.2580636301213093,1
2.316516399383545,1.009663538567178,1.2612863355458914,1
2.319345235824585,1.009663538567178,1.2645090409704736,1
2.3220109939575195,1.009663538567178,1.2645090409704736,1
2.324727773666382,1.009663538567178,1.2645090409704736,1
2.3274662494659424,1.009663538567178,1.2612863355458914,1
2.3302037715911865,1.009663538567178,1.2612863355458914,1
2.3329379558563232,1.009663538567178,1.2580636301213093,1
2.335679292678833,1.009663538567178,1.2580636301213093,1
2.3384346961975098,1.01288624399176,1.2580636301213093,1
2.3410990238189697,1.009663538567178,1.2580636301213093,1
2.3438456058502197,1.01288624399176,1.2612863355458914,1
2.3466665744781494,1.009663538567178,1.2612863355458914,1
2.349325656890869,1.01288624399176,1.2612863355458914,1
2.352073907852173,1.009663538567178,1.2612863355458914,1
2.354820966720581,1.009663538567178,1.2645090409704736,1
2.3575615882873535,1.01288624399176,1.2612863355458914,1
2.360330820083618,1.01288624399176,1.2612863355458914,1
2.363168716430664,1.01288624399176,1.2580636301213093,1
2.365915298461914,1.01288624399176,1.2612863355458914,1
2.3686699867248535,1.01288624399176,1.2612863355458914,1
2.3714029788970947,1.01288624399176,1.2612863355458914,1
2.3741493225097656,1.01288624399176,1.2612863355458914,1
2.3769702911376953,1.01288624399176,1.2612863355458914,1
2.3796334266662598,1.009663538567178,1.2645090409704736,1
2.3823909759521484,1.01288624399176,1.2612863355458914,1
2.3851327896118164,1.009663538567178,1.2612863355458914,1
2.3879175186157227,1.01288624399176,1.2612863355458914,1
2.3906564712524414,1.01288624399176,1.2612863355458914,1
2.3933990001678467,1.01288624399176,1.2612863355458914,1
2.39621639251709,1.01288624399176,1.2612863355458914,1
2.3988852500915527,1.01288624399176,1.2612863355458914,1
2.401655912399292,1.01288624399176,1.2612863355458914,1
2.4043986797332764,1.01288624399176,1.2612863355458914,1
2.4071738719940186,1.009663538567178,1.2612863355458914,1
2.4099011421203613,1.01288624399176,1.2612863355458914,1
2.412644386291504,1.01288624399176,1.2612863355458914,1
2.415458917617798,1.01288624399176,1.2612863355458914,1
2.4181294441223145,1.01288624399176,1.2612863355458914,1
2.420884132385254,1.01288624399176,1.2612863355458914,1
2.423624277114868,1.01288624399176,1.2612863355458914,1
2.4263713359832764,1.01288624399176,1.2612863355458914,1
2.4291977882385254,1.009663538567178,1.2612863355458914,1
2.4319536685943604,1.009663538567178,1.2612863355458914,1
2.4347031116485596,1.009663538567178,1.2612863355458914,1
2.4374334812164307,1.009663538567178,1.2612863355458914,1
2.4402034282684326,1.01288624399176,1.2612863355458914,1
2.4430248737335205,1.009663538567178,1.2612863355458914,1
2.4456939697265625,1.01288624399176,1.2612863355458914,1
2.4484241008758545,1.01288624399176,1.2612863355458914,1
2.451169967651367,1.01288624399176,1.2612863355458914,1
2.4539122581481934,1.009663538567178,1.2612863355458914,1
2.4566445350646973,1.009663538567178,1.2612863355458914,1
2.45938777923584,1.009663538567178,1.2612863355458914,1
2.4621922969818115,1.01288624399176,1.2612863355458914,1
2.464850664138794,1.01288624399176,1.2612863355458914,1
2.4676339626312256,1.01288624399176,1.2612863355458914,1
2.470381021499634,1.01288624399176,1.2612863355458914,1
2.4731249809265137,1.009663538567178,1.2612863355458914,1
2.475858688354492,1.01288624399176,1.2612863355458914,1
2.4785940647125244,1.009663538567178,1.2612863355458914,1
2.481336832046509,1.009663538567178,1.2612863355458914,1
2.4839954376220703,1.009663538567178,1.2612863355458914,1
2.4867305755615234,1.01288624399176,1.2612863355458914,1
2.4895501136779785,1.009663538567178,1.2612863355458914,1
2.492216110229492,1.01288624399176,1.2612863355458914,1
2.4949560165405273,1.01288624399176,1.2612863355458914,1
2.497706174850464,1.009663538567178,1.2612863355458914,1
2.5004498958587646,1.01288624399176,1.2612863355458914,1
2.5031824111938477,1.01288624399176,1.2645090409704736,0
2.505932569503784,1.0161089494163424,1.267731746395056,0
2.508746862411499,1.0161089494163424,1.2645090409704736,0
2.511408567428589,1.0193316548409246,1.2580636301213093,0
2.5141608715057373,1.0193316548409246,1.2419501029983977,0
2.5169122219085693,1.0193316548409246,1.225786221103227,0
2.5196611881256104,1.022554360265507,1.2032272831311512,0
2.522390604019165,1.0257770656900893,1.1773952849622338,0
2.5251333713531494,1.0289997711146714,1.1483909361409934,0
2.5279953479766846,1.032272831311513,1.125781643396658,0
2.5306618213653564,1.0354955367360952,1.1064454108491646,0
2.533381700515747,1.0419409475852597,1.090331883726253,0
2.536127805709839,1.0516090638590065,1.077390707255665,0
2.5388758182525635,1.0612771801327536,1.0644998855573358,0
2.541614294052124,1.077390707255665,1.054831769283589,0
2.544353485107422,1.1,1.045163653009842,0
2.5471906661987305,1.1355001144426642,1.0419409475852597,0
2.549856185913086,1.1322270542458228,1.045163653009842,0
2.5526177883148193,1.122558937972076,1.045163653009842,0
2.5553605556488037,1.112890821698329,1.0483863584344244,0
2.5581233501434326,1.1096681162737467,1.0483863584344244,0
2.5608677864074707,1.1064454108491646,1.0483863584344244,0
2.563744068145752,1.1032227054245822,1.0483863584344244,0
2.566521644592285,1.1032227054245822,1.0483863584344244,0
2.569276809692383,1.1032227054245822,1.0483863584344244,0
2.5720016956329346,1.1064454108491646,1.0483863584344244,0
2.5747435092926025,1.112890821698329,1.045163653009842,0
2.5775585174560547,1.1193362325474936,1.045163653009842,0
2.5802202224731445,1.122558937972076,1.045163653009842,0
2.582980155944824,1.1322270542458228,1.0419409475852597,0
2.586230993270874,1.1419455252918287,1.0419409475852597,0
2.589033603668213,1.1355001144426642,1.0419409475852597,0
2.5917835235595703,1.1290043488212407,1.045163653009842,0
2.5945308208465576,1.125781643396658,1.045163653009842,0
2.5972940921783447,1.125781643396658,1.045163653009842,0
2.6000404357910156,1.1290043488212407,1.0419409475852597,0
2.602855682373047,1.1322270542458228,1.0419409475852597,0
2.6055245399475098,1.1355001144426642,1.0419409475852597,0
2.6082777976989746,1.1355001144426642,1.0419409475852597,0
2.6110215187072754,1.1355001144426642,1.0419409475852597,0
2.613762378692627,1.1355001144426642,1.0419409475852597,0
2.6165242195129395,1.1355001144426642,1.0419409475852597,0
2.619272232055664,1.1355001144426642,1.0419409475852597,0
2.622081995010376,1.1355001144426642,1.0419409475852597,0
2.624744415283203,1.1355001144426642,1.0419409475852597,0
2.6279280185699463,1.1355001144426642,1.0419409475852597,0
2.630784749984741,1.1355001144426642,1.0419409475852597,0
2.6335372924804688,1.1355001144426642,1.0419409475852597,0
2.6362898349761963,1.1355001144426642,1.0419409475852597,0
2.6390223503112793,1.1355001144426642,1.0419409475852597,0
2.6417698860168457,1.1355001144426642,1.0419409475852597,0
2.644580602645874,1.1355001144426642,1.0419409475852597,0
2.647278070449829,1.1355001144426642,1.0419409475852597,0
2.649986505508423,1.1355001144426642,1.0419409475852597,0
2.652726888656616,1.1355001144426642,1.0419409475852597,0
2.65545916557312,1.1355001144426642,1.0419409475852597,0
2.6582000255584717,1.1355001144426642,1.0419409475852597,0
2.6609339714050293,1.1355001144426642,1.0419409475852597,0
2.663680076599121,1.1355001144426642,1.0419409475852597,0
2.666341543197632,1.1355001144426642,1.0419409475852597,0
2.6690869331359863,1.1355001144426642,1.0419409475852597,0
2.671938180923462,1.1355001144426642,1.0419409475852597,0
2.674680709838867,1.1355001144426642,1.0419409475852597,0
2.6774208545684814,1.1355001144426642,1.0419409475852597,0
2.68017315864563,1.1355001144426642,1.0419409475852597,0
2.6829893589019775,1.1355001144426642,1.0419409475852597,0
2.6856565475463867,1.1355001144426642,1.0419409475852597,0
2.688447952270508,1.1355001144426642,1.0419409475852597,0
2.691192388534546,1.1355001144426642,1.0419409475852597,0
2.693934679031372,1.1355001144426642,1.0419409475852597,0
2.69669246673584,1.1355001144426642,1.0419409475852597,0
2.699434757232666,1.1355001144426642,1.0419409475852597,0
2.702247142791748,1.1355001144426642,1.0419409475852597,0
2.7049100399017334,1.1355001144426642,1.0419409475852597,0
2.7076737880706787,1.1355001144426642,1.0419409475852597,0
2.7104175090789795,1.1355001144426642,1.0419409475852597,0
2.7131576538085938,1.1355001144426642,1.0419409475852597,0
2.7158946990966797,1.1355001144426642,1.0419409475852597,0
2.7186391353607178,1.1355001144426642,1.0419409475852597,0
2.7214596271514893,1.1355001144426642,1.0419409475852597,0
2.7241311073303223,1.1355001144426642,1.0419409475852597,0
2.7268996238708496,1.1355001144426642,1.0419409475852597,0
2.7296407222747803,1.1355001144426642,1.0419409475852597,0
2.7323832511901855,1.1355001144426642,1.0419409475852597,0
2.7351174354553223,1.1355001144426642,1.0419409475852597,0
2.7378649711608887,1.1355001144426642,1.0419409475852597,0
2.740673780441284,1.1355001144426642,1.0419409475852597,0
2.743333101272583,1.1355001144426642,1.0419409475852597,0
2.7461135387420654,1.1355001144426642,1.0419409475852597,0
2.7488536834716797,1.1355001144426642,1.0419409475852597,0
2.7515878677368164,1.1355001144426642,1.0419409475852597,0
2.7543222904205322,1.1355001144426642,1.0419409475852597,0
2.7570996284484863,1.1355001144426642,1.0419409475852597,0
2.759920120239258,1.1355001144426642,1.0419409475852597,0
2.762587308883667,1.1355001144426642,1.0419409475852597,0
2.765324354171753,1.1355001144426642,1.0419409475852597,0
2.7680976390838623,1.1355001144426642,1.0419409475852597,0
2.7708356380462646,1.1355001144426642,1.0419409475852597,0
2.773560047149658,1.1355001144426642,1.0419409475852597,0
2.776301383972168,1.1355001144426642,1.0419409475852597,0
2.779104232788086,1.1355001144426642,1.0419409475852597,0
2.781769275665283,1.1355001144426642,1.0419409475852597,0
2.7845382690429688,1.1355001144426642,1.0419409475852597,0
2.7873058319091797,1.1355001144426642,1.0419409475852597,0
2.7900538444519043,1.1355001144426642,1.0419409475852597,0
2.7927753925323486,1.1355001144426642,1.0419409475852597,0
2.7955434322357178,1.1355001144426642,1.0419409475852597,0
2.798362970352173,1.1355001144426642,1.0419409475852597,0
2.8010222911834717,1.1355001144426642,1.0419409475852597,0
2.803755283355713,1.1355001144426642,1.0419409475852597,0
2.8065154552459717,1.1355001144426642,1.0419409475852597,0
2.809255599975586,1.1355001144426642,1.0419409475852597,0
2.8119828701019287,1.1355001144426642,1.0419409475852597,0
2.814720630645752,1.1355001144426642,1.0419409475852597,0
2.8175482749938965,1.1355001144426642,1.0419409475852597,0
2.8202133178710938,1.1355001144426642,1.0419409475852597,0
2.8229711055755615,1.1355001144426642,1.0419409475852597,0
2.8260300159454346,1.1355001144426642,1.0419409475852597,0
2.829209804534912,1.1355001144426642,1.0419409475852597,0
2.831979513168335,1.1355001144426642,1.0419409475852597,0
2.8348007202148438,1.1355001144426642,1.0419409475852597,0
2.837484359741211,1.1355001144426642,1.0419409475852597,0
2.840205192565918,1.1355001144426642,1.0419409475852597,0
2.8429462909698486,1.1355001144426642,1.0419409475852597,0
2.84568452835083,1.1355001144426642,1.0419409475852597,0
2.848419427871704,1.1355001144426642,1.0419409475852597,0
2.8511569499969482,1.1355001144426642,1.0419409475852597,0
2.8538999557495117,1.1355001144426642,1.0419409475852597,0
2.856579542160034,1.1355001144426642,1.0419409475852597,0
2.859316349029541,1.1355001144426642,1.0419409475852597,0
2.8621277809143066,1.1355001144426642,1.0419409475852597,0
2.8647851943969727,1.1355001144426642,1.0419409475852597,0
2.867511510848999,1.1355001144426642,1.0419409475852597,0
2.8702542781829834,1.1355001144426642,1.0419409475852597,0
2.872997283935547,1.1355001144426642,1.0419409475852597,0
2.8757355213165283,1.1355001144426642,1.0419409475852597,0
2.8784797191619873,1.1355001144426642,1.0419409475852597,0
2.881289482116699,1.1355001144426642,1.0419409475852597,0
2.8839669227600098,1.1355001144426642,1.0419409475852597,0
2.886918306350708,1.1355001144426642,1.045163653009842,0
2.889676332473755,1.1355001144426642,1.0419409475852597,0
2.8924922943115234,1.1355001144426642,1.0419409475852597,0
2.8951785564422607,1.1355001144426642,1.0419409475852597,0
2.8981666564941406,1.1355001144426642,1.0419409475852597,0
2.9009697437286377,1.1355001144426642,1.0419409475852597,0
2.9037575721740723,1.1355001144426642,1.0419409475852597,0
2.9065353870391846,1.1355001144426642,1.0419409475852597,0
2.909219741821289,1.1355001144426642,1.0419409475852597,0
2.9119668006896973,1.1355001144426642,1.0419409475852597,0
2.914780855178833,1.1355001144426642,1.0419409475852597,0
2.917447805404663,1.1355001144426642,1.0419409475852597,0
2.9202098846435547,1.1355001144426642,1.0419409475852597,0
2.9229512214660645,1.1355001144426642,1.0419409475852597,0
2.9256949424743652,1.1355001144426642,1.0419409475852597,0
2.9284310340881348,1.1355001144426642,1.0419409475852597,0
2.931171178817749,1.1355001144426642,1.0419409475852597,0
2.9339778423309326,1.1355001144426642,1.0419409475852597,0
2.9366464614868164,1.1355001144426642,1.0419409475852597,0
2.939371347427368,1.1355001144426642,1.0419409475852597,0
2.9421775341033936,1.1355001144426642,1.0419409475852597,0
2.9449055194854736,1.1355001144426642,1.0419409475852597,0
2.947650909423828,1.1355001144426642,1.0419409475852597,0
2.9504029750823975,1.1355001144426642,1.0419409475852597,0
2.953159809112549,1.1355001144426642,1.0419409475852597,0
2.9558277130126953,1.1355001144426642,1.0419409475852597,0
2.9585678577423096,1.1355001144426642,1.0419409475852597,0
2.961416721343994,1.1355001144426642,1.0419409475852597,0
2.964153528213501,1.1355001144426642,1.0419409475852597,0
2.9668936729431152,1.1355001144426642,1.0419409475852597,0
2.9696476459503174,1.1355001144426642,1.0419409475852597,0
2.972402334213257,1.1355001144426642,1.0419409475852597,0
2.975071907043457,1.1355001144426642,1.0419409475852597,0
2.9778153896331787,1.1355001144426642,1.0419409475852597,0
2.9806323051452637,1.1355001144426642,1.0419409475852597,0
2.983302593231201,1.1355001144426642,1.0419409475852597,0
2.9860692024230957,1.1355001144426642,1.0419409475852597,0
2.988816499710083,1.1355001144426642,1.0419409475852597,0
2.9915528297424316,1.1355001144426642,1.0419409475852597,0
2.9942781925201416,1.1355001144426642,1.0419409475852597,0
2.9971678256988525,1.1355001144426642,1.0419409475852597,0
2.999925374984741,1.1355001144426642,1.0419409475852597,0
3.002671718597412,1.1355001144426642,1.0419409475852597,1
3.0054256916046143,1.090331883726253,1.0419409475852597,1
3.0081841945648193,1.0741680018310824,1.0419409475852597,1
3.0108985900878906,1.0741680018310824,1.0419409475852597,1
3.0136044025421143,1.0806134126802471,1.0419409475852597,1
3.0163042545318604,1.0806134126802471,1.0419409475852597,1
3.0189998149871826,1.0806134126802471,1.0419409475852597,1
3.021685838699341,1.0806134126802471,1.0419409475852597,1
3.0243725776672363,1.077390707255665,1.0419409475852597,1
3.027099132537842,1.077390707255665,1.0419409475852597,1
3.0298633575439453,1.077390707255665,1.0419409475852597,1
3.032661199569702,1.077390707255665,1.045163653009842,1
3.0354273319244385,1.077390707255665,1.045163653009842,1
3.0381968021392822,1.0741680018310824,1.045163653009842,1
3.0409133434295654,1.0741680018310824,1.045163653009842,1
3.043668746948242,1.0741680018310824,1.045163653009842,1
3.0465285778045654,1.0709452964065003,1.045163653009842,1
3.049278974533081,1.0709452964065003,1.045163653009842,1
3.052051305770874,1.0709452964065003,1.0483863584344244,1
3.0548088550567627,1.0709452964065003,1.0483863584344244,1
3.057640790939331,1.0709452964065003,1.0483863584344244,1
3.0603139400482178,1.067722590981918,1.0483863584344244,1
3.063040256500244,1.067722590981918,1.0483863584344244,1
3.06579327583313,1.067722590981918,1.0483863584344244,1
3.068547248840332,1.0644998855573358,1.0516090638590065,1
3.071281671524048,1.0644998855573358,1.0516090638590065,1
3.074033737182617,1.0644998855573358,1.0516090638590065,1
3.0768697261810303,1.0612771801327536,1.0516090638590065,1
3.0795395374298096,1.0612771801327536,1.054831769283589,1
3.082271099090576,1.058054474708171,1.054831769283589,1
3.08502459526062,1.058054474708171,1.054831769283589,1
3.0877726078033447,1.058054474708171,1.054831769283589,1
3.0905137062072754,1.054831769283589,1.054831769283589,1
3.093266725540161,1.054831769283589,1.058054474708171,1
3.0961196422576904,1.054831769283589,1.058054474708171,1
3.098806142807007,1.0516090638590065,1.0612771801327536,1
3.101536273956299,1.0516090638590065,1.0612771801327536,1
3.104288339614868,1.0483863584344244,1.0644998855573358,1
3.107062578201294,1.045163653009842,1.067722590981918,1
3.1097841262817383,1.045163653009842,1.0709452964065003,1
3.1125311851501465,1.0419409475852597,1.0709452964065003,1
3.115356683731079,1.0419409475852597,1.0741680018310824,1
3.118055582046509,1.0419409475852597,1.077390707255665,1
3.1207821369171143,1.0387182421606773,1.0806134126802471,1
3.123528003692627,1.0354955367360952,1.0871091783016709,1
3.12628436088562,1.032272831311513,1.0935545891508354,1
3.129021167755127,1.032272831311513,1.1,1
3.1317741870880127,1.0289997711146714,1.1096681162737467,1
3.134634017944336,1.0257770656900893,1.122558937972076,1
3.1373770236968994,1.0257770656900893,1.1355001144426642,1
3.1401281356811523,1.022554360265507,1.15805905241474,1
3.1428768634796143,1.0193316548409246,1.1806179903868161,1
3.1457018852233887,1.0161089494163424,1.2096726939803157,1
3.14837384223938,1.0161089494163424,1.2387273975738156,1
3.1511480808258057,1.01288624399176,1.2709544518196383,1
3.1538944244384766,1.009663538567178,1.2870679789425499,1
3.1566507816314697,1.009663538567178,1.2870679789425499,1
3.1593832969665527,1.01288624399176,1.2709544518196383,1
3.162130117416382,1.01288624399176,1.2483955138475622,1
3.1649491786956787,1.0161089494163424,1.2322316319523918,1
3.1676182746887207,1.0161089494163424,1.2161181048294805,1
3.170370101928711,1.0161089494163424,1.1967818722819865,1
3.173121213912964,1.0161089494163424,1.1838406958113985,1
3.1758666038513184,1.0193316548409246,1.1741725795376516,1
3.178616762161255,1.0193316548409246,1.1645044632639048,1
3.181363582611084,1.0193316548409246,1.15805905241474,1
3.1841883659362793,1.0193316548409246,1.15805905241474,1
3.186861276626587,1.0193316548409246,1.154836346990158,1
3.1896188259124756,1.0193316548409246,1.154836346990158,1
3.192366361618042,1.0193316548409246,1.15805905241474,1
3.1951115131378174,1.0193316548409246,1.1612817578393224,1
3.1978700160980225,1.0193316548409246,1.1677271686884871,1
3.2006239891052246,1.0193316548409246,1.1741725795376516,1
3.203444242477417,1.0193316548409246,1.1871137560082399,1
3.206113815307617,1.0161089494163424,1.200004577706569,1
3.2088587284088135,1.0161089494163424,1.2161181048294805,1
3.211608409881592,1.01288624399176,1.2354543373769742,1
3.2143561840057373,1.01288624399176,1.2516182192721446,1
3.2171077728271484,1.01288624399176,1.267731746395056,1
3.219857692718506,1.009663538567178,1.2773998626688028,1
3.2226812839508057,1.009663538567178,1.2773998626688028,1
3.225346803665161,1.009663538567178,1.2645090409704736,1
3.228095531463623,1.01288624399176,1.2516182192721446,1
3.230900526046753,1.01288624399176,1.2387273975738156,1
3.2336525917053223,1.01288624399176,1.2290089265278095,1
3.236346483230591,1.01288624399176,1.225786221103227,1
3.239097833633423,1.01288624399176,1.2193408102540628,1
3.2419252395629883,1.0161089494163424,1.2193408102540628,1
3.2445991039276123,1.0161089494163424,1.2161181048294805,1
3.247359275817871,1.01288624399176,1.222563515678645,1
3.2501137256622314,1.01288624399176,1.2290089265278095,1
3.252861499786377,1.01288624399176,1.2354543373769742,1
3.255594491958618,1.01288624399176,1.24517280842298,1
3.258347511291504,1.009663538567178,1.2580636301213093,1
3.26116943359375,1.009663538567178,1.2645090409704736,1
3.263840436935425,1.009663538567178,1.2709544518196383,1
3.266608476638794,1.009663538567178,1.267731746395056,1
3.269359827041626,1.009663538567178,1.2612863355458914,1
3.272106409072876,1.009663538567178,1.254840924696727,1
3.2748420238494873,1.009663538567178,1.2483955138475622,1
3.2775909900665283,1.009663538567178,1.2419501029983977,1
3.280418872833252,1.009663538567178,1.2419501029983977,1
3.283093214035034,1.009663538567178,1.2387273975738156,1
3.285860776901245,1.009663538567178,1.2419501029983977,1
3.2886123657226562,1.009663538567178,1.2483955138475622,1
3.29135799407959,1.009663538567178,1.2516182192721446,1
3.2940938472747803,1.009663538567178,1.2612863355458914,1
3.296844482421875,1.009663538567178,1.2645090409704736,1
3.2996630668640137,1.009663538567178,1.267731746395056,1
3.302334785461426,1.009663538567178,1.2645090409704736,1
3.3050785064697266,1.009663538567178,1.2612863355458914,1
3.3078267574310303,1.01288624399176,1.2580636301213093,1
3.3105690479278564,1.01288624399176,1.2516182192721446,1
3.3133041858673096,1.01288624399176,1.2483955138475622,1
3.3160557746887207,1.01288624399176,1.24517280842298,1
3.3188672065734863,1.01288624399176,1.24517280842298,1
3.321532726287842,1.01288624399176,1.2483955138475622,1
3.3242976665496826,1.01288624399176,1.2483955138475622,1
3.3270843029022217,1.01288624399176,1.254840924696727,1
3.3298356533050537,1.01288624399176,1.2580636301213093,1
3.3325464725494385,1.01288624399176,1.2612863355458914,1
3.335291862487793,1.009663538567178,1.2645090409704736,1
3.3381381034851074,1.009663538567178,1.2645090409704736,1
3.3408069610595703,1.009663538567178,1.2612863355458914,1
3.3435418605804443,1.009663538567178,1.2612863355458914,1
3.3462934494018555,1.009663538567178,1.254840924696727,1
3.3490421772003174,1.009663538567178,1.2580636301213093,1
3.351778984069824,1.01288624399176,1.2516182192721446,1
3.354524612426758,1.01288624399176,1.2516182192721446,1
3.357379674911499,1.01288624399176,1.254840924696727,1
3.360050916671753,1.01288624399176,1.254840924696727,1
3.3627710342407227,1.01288624399176,1.2612863355458914,1
3.3655519485473633,1.009663538567178,1.2612863355458914,1
3.3682987689971924,1.009663538567178,1.2645090409704736,1
3.371014356613159,1.01288624399176,1.2645090409704736,1
3.373758554458618,1.01288624399176,1.2645090409704736,1
3.376574993133545,1.01288624399176,1.2612863355458914,1
3.379239797592163,1.01288624399176,1.2580636301213093,1
3.381999969482422,1.01288624399176,1.2580636301213093,1
3.3847439289093018,1.01288624399176,1.254840924696727,1
3.3874902725219727,1.01288624399176,1.2580636301213093,1
3.390225648880005,1.01288624399176,1.2580636301213093,1
3.392967700958252,1.01288624399176,1.2612863355458914,1
3.3957839012145996,1.01288624399176,1.2612863355458914,1
3.3984553813934326,1.009663538567178,1.2612863355458914,1
3.401240825653076,1.009663538567178,1.2612863355458914,1
3.403989791870117,1.01288624399176,1.2612863355458914,1
3.4067366123199463,1.01288624399176,1.2612863355458914,1
3.409471273422241,1.01288624399176,1.2580636301213093,1
3.412214517593384,1.01288624399176,1.2580636301213093,1
3.4150331020355225,1.01288624399176,1.2580636301213093,1
3.4177072048187256,1.01288624399176,1.2580636301213093,1
3.4204702377319336,1.01288624399176,1.2612863355458914,1
3.423215866088867,1.01288624399176,1.2612863355458914,1
3.4259626865386963,1.01288624399176,1.2612863355458914,1
3.428720474243164,1.009663538567178,1.2612863355458914,1
3.431509256362915,1.01288624399176,1.2612863355458914,1
3.4343318939208984,1.01288624399176,1.2612863355458914,1
3.4370994567871094,1.01288624399176,1.2580636301213093,1
3.439842939376831,1.01288624399176,1.2580636301213093,1
3.4425928592681885,1.01288624399176,1.2612863355458914,1
3.4454126358032227,1.01288624399176,1.2580636301213093,1
3.4480817317962646,1.01288624399176,1.2580636301213093,1
3.450836181640625,1.01288624399176,1.2612863355458914,1
3.4535892009735107,1.009663538567178,1.2612863355458914,1
3.4563398361206055,1.01288624399176,1.2612863355458914,1
3.4590723514556885,1.01288624399176,1.2612863355458914,1
3.4618191719055176,1.01288624399176,1.2612863355458914,1
3.4646408557891846,1.01288624399176,1.2612863355458914,1
3.4673404693603516,1.01288624399176,1.2612863355458914,1
3.470060348510742,1.01288624399176,1.2612863355458914,1
3.4728055000305176,1.01288624399176,1.2612863355458914,1
3.4755563735961914,1.01288624399176,1.2612863355458914,1
3.4782912731170654,1.01288624399176,1.2612863355458914,1
3.48103666305542,1.009663538567178,1.2612863355458914,1
3.483858108520508,1.01288624399176,1.2612863355458914,1
3.486548662185669,1.01288624399176,1.2612863355458914,1
3.48927903175354,1.01288624399176,1.2612863355458914,1
3.492029905319214,1.009663538567178,1.2612863355458914,1
3.4947845935821533,1.01288624399176,1.2612863355458914,1
3.497514009475708,1.01288624399176,1.2612863355458914,1
3.500262498855591,1.01288624399176,1.2612863355458914,1
3.503075361251831,1.01288624399176,1.2612863355458914,0
3.5057666301727295,1.0161089494163424,1.267731746395056,0
3.508504629135132,1.0161089494163424,1.267731746395056,0
3.5112531185150146,1.0193316548409246,1.2580636301213093,0
3.5139968395233154,1.0193316548409246,1.2483955138475622,0
3.5167598724365234,1.0193316548409246,1.2322316319523918,0
3.519510507583618,1.0193316548409246,1.212895399404898,0
3.5223331451416016,1.0257770656900893,1.1871137560082399,0
3.5250020027160645,1.0257770656900893,1.1612817578393224,0
3.5277252197265625,1.0289997711146714,1.1355001144426642,0
3.530470132827759,1.0354955367360952,1.112890821698329,0
3.533219575881958,1.0387182421606773,1.0967772945754177,0
3.535959243774414,1.0483863584344244,1.0806134126802471,0
3.5387051105499268,1.054831769283589,1.067722590981918,0
3.541524648666382,1.0709452964065003,1.058054474708171,0
3.544191837310791,1.090331883726253,1.0516090638590065,0
3.5469470024108887,1.122558937972076,1.0419409475852597,0
3.549691915512085,1.1355001144426642,1.0419409475852597,0
3.552428722381592,1.125781643396658,1.045163653009842,0
3.5551645755767822,1.1193362325474936,1.045163653009842,0
3.557943344116211,1.1161135271229115,1.045163653009842,0
3.560756206512451,1.1161135271229115,1.045163653009842,0
3.5634255409240723,1.112890821698329,1.045163653009842,0
3.5661542415618896,1.1193362325474936,1.045163653009842,0
3.568903923034668,1.122558937972076,1.045163653009842,0
3.571643352508545,1.125781643396658,1.045163653009842,0
3.5743777751922607,1.1290043488212407,1.045163653009842,0
3.577150583267212,1.1355001144426642,1.0419409475852597,0
3.579969644546509,1.1387228198672465,1.0419409475852597,0
3.582634687423706,1.1355001144426642,1.0419409475852597,0
3.5853729248046875,1.1355001144426642,1.0419409475852597,0
3.5881476402282715,1.1355001144426642,1.0419409475852597,0
3.5908896923065186,1.1387228198672465,1.0419409475852597,0
3.5936148166656494,1.1387228198672465,1.0419409475852597,0
3.596388339996338,1.1355001144426642,1.0419409475852597,0
3.5992319583892822,1.1355001144426642,1.0419409475852597,0
3.6019747257232666,1.1355001144426642,1.0419409475852597,0
3.6047158241271973,1.1355001144426642,1.0419409475852597,0
3.607464551925659,1.1355001144426642,1.0419409475852597,0
3.6102232933044434,1.1355001144426642,1.0419409475852597,0
3.6128926277160645,1.1355001144426642,1.0419409475852597,0
3.6156368255615234,1.1355001144426642,1.0419409475852597,0
3.6184520721435547,1.1355001144426642,1.0419409475852597,0
3.621121883392334,1.1355001144426642,1.0419409475852597,0
3.623850107192993,1.1355001144426642,1.0419409475852597,0
3.6265997886657715,1.1355001144426642,1.0419409475852597,0
3.629363775253296,1.1355001144426642,1.0419409475852597,0
3.632103681564331,1.1355001144426642,1.0419409475852597,0
3.6348519325256348,1.1355001144426642,1.0419409475852597,0
3.637674331665039,1.1355001144426642,1.0419409475852597,0
3.640338897705078,1.1355001144426642,1.0419409475852597,0
3.6430845260620117,1.1387228198672465,1.0419409475852597,0
3.645827293395996,1.1355001144426642,1.0419409475852597,0
3.648569107055664,1.1355001144426642,1.0419409475852597,0
3.6513001918792725,1.1355001144426642,1.0419409475852597,0
3.654043436050415,1.1355001144426642,1.0419409475852597,0
3.656852960586548,1.1355001144426642,1.0419409475852597,0
3.659518003463745,1.1355001144426642,1.0419409475852597,0
3.662294864654541,1.1355001144426642,1.0419409475852597,0
3.6650447845458984,1.1387228198672465,1.0419409475852597,0
3.6677942276000977,1.1355001144426642,1.0419409475852597,0
3.670531749725342,1.1355001144426642,1.0419409475852597,0
3.6732749938964844,1.1355001144426642,1.0419409475852597,0
3.6760919094085693,1.1355001144426642,1.0419409475852597,0
3.678758144378662,1.1355001144426642,1.0419409475852597,0
3.681519031524658,1.1387228198672465,1.0419409475852597,0
3.6842634677886963,1.1355001144426642,1.0419409475852597,0
3.687030076980591,1.1355001144426642,1.0419409475852597,0
3.6897647380828857,1.1355001144426642,1.0419409475852597,0
3.692509412765503,1.1355001144426642,1.0419409475852597,0
3.695322275161743,1.1355001144426642,1.0419409475852597,0
3.69801926612854,1.1355001144426642,1.0419409475852597,0
3.700747489929199,1.1355001144426642,1.0419409475852597,0
3.703493356704712,1.1355001144426642,1.0419409475852597,0
3.706239938735962,1.1355001144426642,1.0419409475852597,0
3.7089760303497314,1.1355001144426642,1.0419409475852597,0
3.711719036102295,1.1355001144426642,1.0419409475852597,0
3.7145328521728516,1.1355001144426642,1.0419409475852597,0
3.717233180999756,1.1355001144426642,1.0419409475852597,0
3.719973564147949,1.1355001144426642,1.0419409475852597,0
3.7227208614349365,1.1355001144426642,1.0419409475852597,0
3.7254722118377686,1.1387228198672465,1.0419409475852597,0
3.7282066345214844,1.1387228198672465,1.0419409475852597,0
3.730952024459839,1.1355001144426642,1.0419409475852597,0
3.7337639331817627,1.1355001144426642,1.0419409475852597,0
3.7364368438720703,1.1355001144426642,1.0419409475852597,0
3.7391929626464844,1.1355001144426642,1.0419409475852597,0
3.7419395446777344,1.1355001144426642,1.0419409475852597,0
3.7446799278259277,1.1355001144426642,1.0419409475852597,0
3.7474124431610107,1.1355001144426642,1.0419409475852597,0
3.750190258026123,1.1355001144426642,1.0419409475852597,0
3.753007411956787,1.1355001144426642,1.0419409475852597,0
3.7556753158569336,1.1355001144426642,1.0419409475852597,0
3.75840163230896,1.1355001144426642,1.0419409475852597,0
3.7611453533172607,1.1355001144426642,1.0419409475852597,0
3.7638907432556152,1.1355001144426642,1.0419409475852597,0
3.7666287422180176,1.1355001144426642,1.0419409475852597,0
3.769373655319214,1.1355001144426642,1.0419409475852597,0
3.7721924781799316,1.1355001144426642,1.0419409475852597,0
3.774857997894287,1.1355001144426642,1.0419409475852597,0
3.7776238918304443,1.1355001144426642,1.0419409475852597,0
3.780367374420166,1.1355001144426642,1.0419409475852597,0
3.7831056118011475,1.1355001144426642,1.0419409475852597,0
3.785841464996338,1.1355001144426642,1.0419409475852597,0
3.788588523864746,1.1355001144426642,1.0419409475852597,0
3.791398525238037,1.1387228198672465,1.0419409475852597,0
3.7940592765808105,1.1355001144426642,1.0419409475852597,0
3.7968428134918213,1.1355001144426642,1.0419409475852597,0
3.7996110916137695,1.1387228198672465,1.0419409475852597,0
3.8023574352264404,1.1355001144426642,1.0419409475852597,0
3.8050894737243652,1.1387228198672465,1.0419409475852597,0
3.807835578918457,1.1355001144426642,1.0419409475852597,0
3.8106517791748047,1.1355001144426642,1.0419409475852597,0
3.8133180141448975,1.1355001144426642,1.0419409475852597,0
3.816071033477783,1.1355001144426642,1.0419409475852597,0
3.8188159465789795,1.1355001144426642,1.0419409475852597,0
3.8215630054473877,1.1387228198672465,1.0419409475852597,0
3.8242924213409424,1.1355001144426642,1.0419409475852597,0
3.8270955085754395,1.1355001144426642,1.0419409475852597,0
3.8299427032470703,1.1355001144426642,1.0419409475852597,0
3.832721471786499,1.1355001144426642,1.0419409475852597,0
3.835458755493164,1.1355001144426642,1.0419409475852597,0
3.8382110595703125,1.1355001144426642,1.0419409475852597,0
3.841035842895508,1.1355001144426642,1.0419409475852597,0
3.8437042236328125,1.1355001144426642,1.0419409475852597,0
3.8464436531066895,1.1355001144426642,1.0419409475852597,0
3.849189043045044,1.1355001144426642,1.0419409475852597,0
3.851936101913452,1.1387228198672465,1.0419409475852597,0
3.8546667098999023,1.1355001144426642,1.0419409475852597,0
3.8574159145355225,1.1355001144426642,1.0419409475852597,0
3.8602287769317627,1.1355001144426642,1.0419409475852597,0
3.8628933429718018,1.1355001144426642,1.0419409475852597,0
3.8656537532806396,1.1355001144426642,1.0419409475852597,0
3.868396043777466,1.1355001144426642,1.0419409475852597,0
3.871135711669922,1.1355001144426642,1.0419409475852597,0
3.873870849609375,1.1355001144426642,1.0419409475852597,0
3.8766109943389893,1.1355001144426642,1.0419409475852597,0
3.8793601989746094,1.1355001144426642,1.0419409475852597,0
3.8820250034332275,1.1355001144426642,1.0419409475852597,0
3.8847715854644775,1.1355001144426642,1.0419409475852597,0
3.8878231048583984,1.1355001144426642,1.0419409475852597,0
3.89066219329834,1.1355001144426642,1.0419409475852597,0
3.8934011459350586,1.1387228198672465,1.0419409475852597,0
3.896146774291992,1.1355001144426642,1.0419409475852597,0
3.898899555206299,1.1355001144426642,1.0419409475852597,0
3.9017133712768555,1.1355001144426642,1.0419409475852597,0
3.9043831825256348,1.1387228198672465,1.0419409475852597,0
3.9071977138519287,1.1355001144426642,1.0419409475852597,0
3.9099485874176025,1.1355001144426642,1.0419409475852597,0
3.9126970767974854,1.1387228198672465,1.0419409475852597,0
3.915426731109619,1.1355001144426642,1.0419409475852597,0
3.9181787967681885,1.1355001144426642,1.0419409475852597,0
3.9209933280944824,1.1355001144426642,1.0419409475852597,0
3.923654317855835,1.1355001144426642,1.0419409475852597,0
3.926358222961426,1.1355001144426642,1.0419409475852597,0
3.9291810989379883,1.1355001144426642,1.0419409475852597,0
3.931917905807495,1.1355001144426642,1.0419409475852597,0
3.9346559047698975,1.1355001144426642,1.0419409475852597,0
3.937427043914795,1.1355001144426642,1.0419409475852597,0
3.9401814937591553,1.1355001144426642,1.0419409475852597,0
3.9428482055664062,1.1355001144426642,1.0419409475852597,0
3.945690155029297,1.1355001144426642,1.0419409475852597,0
3.948439836502075,1.1355001144426642,1.0419409475852597,0
3.9511849880218506,1.1355001144426642,1.0419409475852597,0
3.953917980194092,1.1355001144426642,1.0419409475852597,0
3.9566636085510254,1.1355001144426642,1.0419409475852597,0
3.95947265625,1.1355001144426642,1.0419409475852597,0
3.962170362472534,1.1355001144426642,1.0419409475852597,0
3.9648971557617188,1.1355001144426642,1.0419409475852597,0
3.967641592025757,1.1355001144426642,1.0419409475852597,0
3.9703915119171143,1.1387228198672465,1.0419409475852597,0
3.9731240272521973,1.1355001144426642,1.0419409475852597,0
3.975874900817871,1.1387228198672465,1.0419409475852597,0
3.9786927700042725,1.1355001144426642,1.0419409475852597,0
3.981353759765625,1.1355001144426642,1.0419409475852597,0
3.984152317047119,1.1355001144426642,1.0419409475852597,0
3.9869277477264404,1.1355001144426642,1.0419409475852597,0
3.989696979522705,1.1355001144426642,1.0419409475852597,0
3.992406129837036,1.1355001144426642,1.0419409475852597,0
3.99515438079834,1.1355001144426642,1.0419409475852597,0
3.998020648956299,1.1387228198672465,1.0419409475852597,0
4.000787019729614,1.1355001144426642,1.0419409475852597,0
4.0035319328308105,1.1355001144426642,1.0419409475852597,0
