Time,Duty Cycle,Corrected Sensor Difference,Raw Sensor 0,Raw Sensor 1
1736061674.5179505,0,-0.027461472509971774,1.058054474708171,1.7580865186541543
1736061674.5210106,0,-0.024238767085389412,1.058054474708171,1.754863813229572
1736061674.5238795,0,-0.027461472509971774,1.058054474708171,1.7580865186541543
1736061674.526715,0,-0.027461472509971774,1.058054474708171,1.7580865186541543
1736061674.5295403,0,-0.027461472509971774,1.058054474708171,1.7580865186541543
1736061674.5323555,0,-0.027461472509971774,1.058054474708171,1.7580865186541543
1736061674.5351672,0,-0.027461472509971774,1.058054474708171,1.7580865186541543
1736061674.5381942,0,-0.027461472509971774,1.058054474708171,1.7580865186541543
1736061674.5410504,0,-0.027461472509971774,1.058054474708171,1.7580865186541543
1736061674.5438778,1,-0.026574541626216197,1.058054474708171,1.7515907530327306
1736061674.5468776,1,-0.023351836201633613,1.054831769283589,1.7451453421835659
1736061674.5497432,1,-0.026574541626215975,1.054831769283589,1.7483680476081482
1736061674.5525615,1,-0.020129130777051474,1.054831769283589,1.7419226367589837
1736061674.5553694,1,-0.026574541626215975,1.054831769283589,1.7483680476081482
1736061674.5581987,1,-0.016906425352469334,1.058054474708171,1.7419226367589837
1736061674.5610118,1,-0.029797247050798337,1.054831769283589,1.7515907530327306
1736061674.563812,1,-0.020129130777051474,1.054831769283589,1.7419226367589837
1736061674.5666287,1,-0.029797247050798337,1.054831769283589,1.7515907530327306
1736061674.5694535,2,-0.02422847817992846,1.054831769283589,1.7386999313344014
1736061674.5724552,2,-0.03067388902909296,1.054831769283589,1.7451453421835659
1736061674.5752985,2,-0.02422847817992846,1.054831769283589,1.7386999313344014
1736061674.5781426,2,-0.03067388902909296,1.054831769283589,1.7451453421835659
1736061674.580945,2,-0.02422847817992846,1.054831769283589,1.7386999313344014
1736061674.5837526,2,-0.03067388902909296,1.054831769283589,1.7451453421835659
1736061674.5865605,2,-0.02422847817992846,1.054831769283589,1.7386999313344014
1736061674.5894008,2,-0.03067388902909296,1.054831769283589,1.7451453421835659
1736061674.5928202,2,-0.030673889029093182,1.0516090638590065,1.7419226367589837
1736061674.595896,3,-0.04158720169462604,1.0516090638590065,1.7386999313344014
1736061674.599311,3,-0.03514179084546132,1.0516090638590065,1.7322545204852366
1736061674.6024325,3,-0.028696379996296817,1.054831769283589,1.7290318150606545
1736061674.605957,3,-0.028696379996296817,1.0516090638590065,1.7258091096360721
1736061674.609022,3,-0.025473674571714455,1.054831769283589,1.7258091096360721
1736061674.611915,3,-0.03514179084546132,1.0516090638590065,1.7322545204852366
1736061674.615262,3,-0.03836449627004346,1.0483863584344244,1.7322545204852366
1736061674.6185527,3,-0.03836449627004346,1.0483863584344244,1.7322545204852366
1736061674.6214845,3,-0.03191908542087918,1.0516090638590065,1.7290318150606545
1736061674.6243703,4,-0.03190172046467665,1.0516090638590065,1.7193636987869079
1736061674.6276398,4,-0.04479254216300543,1.0516090638590065,1.7322545204852366
1736061674.630758,4,-0.04156983673842307,1.0483863584344244,1.7258091096360721
1736061674.6336842,4,-0.02867901504009407,1.0516090638590065,1.7161409933623253
1736061674.6365428,4,-0.04479254216300543,1.0516090638590065,1.7322545204852366
1736061674.6394155,4,-0.03834713131384093,1.0483863584344244,1.72258640421149
1736061674.6422753,4,-0.022233604190929568,1.0516090638590065,1.7096955825131608
1736061674.6452687,4,-0.03834713131384093,1.0483863584344244,1.72258640421149
1736061674.6482167,4,-0.02867901504009407,1.0516090638590065,1.7161409933623253
1736061674.6510932,5,-0.04479254216300543,1.0483863584344244,1.7290318150606545
1736061674.6543288,5,-0.038347131313841154,1.045163653009842,1.7193636987869079
1736061674.6573079,5,-0.022233604190929568,1.0516090638590065,1.7096955825131608
1736061674.6602325,5,-0.02545630961551193,1.045163653009842,1.7064728770885786
1736061674.6632884,5,-0.03512442588925857,1.045163653009842,1.7161409933623253
1736061674.666164,5,-0.02545630961551193,1.0516090638590065,1.7129182879377431
1736061674.6690412,5,-0.041569836738423294,1.045163653009842,1.72258640421149
1736061674.671888,5,-0.025456309615511707,1.0483863584344244,1.7096955825131608
1736061674.6747231,5,-0.03190172046467621,1.0483863584344244,1.7161409933623253
1736061674.6776326,6,-0.032502202624958065,1.045163653009842,1.7096955825131608
1736061674.680866,6,-0.022834086351211202,1.0483863584344244,1.7032501716639963
1736061674.6837533,6,-0.022834086351211202,1.0483863584344244,1.7032501716639963
1736061674.6866693,6,-0.03250220262495829,1.0419409475852597,1.7064728770885786
1736061674.689534,6,-0.01311561530520533,1.045163653009842,1.690308995193408
1736061674.6923816,6,-0.03572490804954043,1.045163653009842,1.7129182879377431
1736061674.6952283,6,-0.01633832072978747,1.0483863584344244,1.6967544060425725
1736061674.6981175,6,-0.03572490804954043,1.0419409475852597,1.7096955825131608
1736061674.700965,6,-0.022834086351211202,1.0483863584344244,1.7032501716639963
1736061674.7038286,7,-0.04258091837060318,1.045163653009842,1.7129182879377431
1736061674.7070763,7,-0.03613550752143868,1.0419409475852597,1.7032501716639963
1736061674.7100863,7,-0.026417036475432587,1.045163653009842,1.6967544060425725
1736061674.7130132,7,-0.013526214777103585,1.045163653009842,1.6838635843442435
1736061674.7158709,7,-0.02963974190001495,1.0419409475852597,1.6967544060425725
1736061674.7187283,7,-0.016748920201685946,1.0419409475852597,1.6838635843442435
1736061674.7215734,7,-0.03286244732459731,1.0419409475852597,1.699977111467155
1736061674.7244036,7,-0.016748920201685946,1.0419409475852597,1.6838635843442435
1736061674.7272835,7,-0.03935821294602104,1.0419409475852597,1.7064728770885786
1736061674.7301474,8,-0.03185711800173607,1.045163653009842,1.690308995193408
1736061674.73336,8,-0.01896629630340685,1.045163653009842,1.6774181734950788
1736061674.7365432,8,-0.041525234275482936,1.0419409475852597,1.6967544060425725
1736061674.7394803,8,-0.035079823426318435,1.0387182421606773,1.6870862897688257
1736061674.7423506,8,-0.01896629630340707,1.0419409475852597,1.6741954680704967
1736061674.745205,8,-0.0447479397000653,1.0419409475852597,1.699977111467155
1736061674.748093,8,-0.028634412577153934,1.0419409475852597,1.6838635843442435
1736061674.750941,8,-0.041525234275482936,1.0387182421606773,1.6935317006179902
1736061674.753794,8,-0.0383025288509008,1.0387182421606773,1.690308995193408
1736061674.7566512,9,-0.028077914233678003,1.0419409475852597,1.6741954680704967
1736061674.7600157,9,-0.04096873593200723,1.0387182421606773,1.6838635843442435
1736061674.762902,9,-0.04096873593200678,1.0354955367360952,1.680640878919661
1736061674.765989,9,-0.018409797959930918,1.0419409475852597,1.6645273517967496
1736061674.7688966,9,-0.04419144135658937,1.0387182421606773,1.6870862897688257
1736061674.7717602,9,-0.034523325082842504,1.0354955367360952,1.6741954680704967
1736061674.774649,9,-0.01840979795993114,1.0387182421606773,1.6613046463721675
1736061674.7775385,9,-0.037746030507424644,1.0354955367360952,1.6774181734950788
1736061674.780389,9,-0.015187092535348778,1.0419409475852597,1.6613046463721675
1736061674.7832465,10,-0.049535575564093604,1.0354955367360952,1.680640878919661
1736061674.7864609,10,-0.03986745929034696,1.0354955367360952,1.6709727626459143
1736061674.7893424,10,-0.02053122674285346,1.0387182421606773,1.654859235523003
1736061674.7924414,10,-0.043090164714929324,1.0354955367360952,1.6741954680704967
1736061674.7953086,10,-0.03664475386576438,1.032272831311513,1.6645273517967496
1736061674.7981892,10,-0.017258166546011866,1.0354955367360952,1.6483634699015792
1736061674.801035,10,-0.03986745929034696,1.032272831311513,1.6677500572213322
1736061674.8038723,10,-0.017308521318271097,1.0387182421606773,1.6516365300984206
1736061674.8067124,10,-0.03986745929034696,1.0354955367360952,1.6709727626459143
1736061674.809577,11,-0.024323943214231813,1.0387182421606773,1.6516365300984206
1736061674.8127825,11,-0.01782817759280786,1.0354955367360952,1.6419180590524145
1736061674.815914,11,-0.04688288118630768,1.032272831311513,1.6677500572213322
1736061674.8189275,11,-0.033992059487978454,1.0354955367360952,1.658081940947585
1736061674.8218114,11,-0.01460547216822572,1.0354955367360952,1.6386953536278324
1736061674.8246713,11,-0.040437470337142956,1.032272831311513,1.6613046463721675
1736061674.8275473,11,-0.02105088301739022,1.0354955367360952,1.6451407644769969
1736061674.830421,11,-0.043660175761725095,1.032272831311513,1.6645273517967496
1736061674.8332677,11,-0.021050883017390443,1.0387182421606773,1.6483634699015792
1736061674.8361151,12,-0.05332757433284552,1.032272831311513,1.6677500572213322
1736061674.8393366,12,-0.043709812831357886,1.0289997711146714,1.654859235523003
1736061674.8422127,12,-0.021050165314763558,1.0354955367360952,1.6386953536278324
1736061674.845224,12,-0.046882163483680794,1.032272831311513,1.6613046463721675
1736061674.8481562,12,-0.043709812831357886,1.0289997711146714,1.654859235523003
1736061674.8510177,12,-0.01782745989018142,1.0354955367360952,1.6354726482032502
1736061674.853878,12,-0.043709812831357886,1.0289997711146714,1.654859235523003
1736061674.8573117,12,-0.037214047209934153,1.0354955367360952,1.654859235523003
1736061674.860267,12,-0.02749557616392806,1.0354955367360952,1.6451407644769969
1736061674.8631601,13,-0.051806548789984475,1.032272831311513,1.6645273517967496
1736061674.866505,13,-0.04541149271307943,1.0289997711146714,1.654859235523003
1736061674.8694205,13,-0.02597455062106724,1.032272831311513,1.6386953536278324
1736061674.8722956,13,-0.0227518451964851,1.032272831311513,1.6354726482032502
1736061674.8751695,13,-0.03569302166707311,1.0257770656900893,1.6419180590524145
1736061674.878178,13,-0.013083728922738014,1.032272831311513,1.6258045319295031
1736061674.8810537,13,-0.038915727091655694,1.0289997711146714,1.6483634699015792
1736061674.8839104,13,-0.02597455062106724,1.032272831311513,1.6386953536278324
1736061674.88676,13,-0.042138432516237834,1.032272831311513,1.654859235523003
1736061674.8896363,14,-0.026806500202070982,1.032272831311513,1.6354726482032502
1736061674.8928685,14,-0.013915678503741757,1.032272831311513,1.622581826504921
1736061674.8959765,14,-0.04297038209724158,1.0289997711146714,1.6483634699015792
1736061674.8988857,14,-0.036524971248076854,1.0257770656900893,1.6386953536278324
1736061674.901751,14,-0.010743327851418849,1.0289997711146714,1.6161364156557565
1736061674.9046032,14,-0.033302265823494714,1.0289997711146714,1.6386953536278324
1736061674.9074938,14,-0.010692973079159396,1.032272831311513,1.6193591210803386
1736061674.9103487,14,-0.042970382097241355,1.0257770656900893,1.6451407644769969
1736061674.9131963,14,-0.013915678503741757,1.032272831311513,1.622581826504921
1736061674.916047,15,-0.04437497609242791,1.0289997711146714,1.6451407644769969
1736061674.9192715,15,-0.03792956524326341,1.0257770656900893,1.6354726482032502
1736061674.9221537,15,-0.015370627271187542,1.0289997711146714,1.6161364156557565
1736061674.92523,15,-0.04115227066784555,1.0257770656900893,1.6386953536278324
1736061674.928144,15,-0.034706859818681046,1.022554360265507,1.6290272373540855
1736061674.93099,15,-0.00892521642202282,1.0289997711146714,1.6096910048065918
1736061674.9338527,15,-0.04115227066784577,1.022554360265507,1.6354726482032502
1736061674.936862,15,-0.015370627271187542,1.0289997711146714,1.6161364156557565
1736061674.9401283,15,-0.012147921846604959,1.0257770656900893,1.6096910048065918
1736061674.943542,16,-0.027163633396881992,1.0257770656900893,1.6096910048065918
1736061674.946795,16,-0.01749551712313535,1.0289997711146714,1.6032455939574273
1736061674.9499238,16,-0.05294527679354044,1.022554360265507,1.6322499427786679
1736061674.95507,16,-0.036831749670628855,1.0257770656900893,1.6193591210803386
1736061674.9580257,16,-0.01749551712313535,1.0289997711146714,1.6032455939574273
1736061674.961344,16,-0.027163633396881992,1.0257770656900893,1.6096910048065918
1736061674.9655077,16,-0.04972257136895808,1.0257770656900893,1.6322499427786679
1736061674.968436,16,-0.04327716051979358,1.0193316548409246,1.6193591210803386
1736061674.9713275,16,-0.01099975150171184,1.0289997711146714,1.5967498283360038
1736061674.9742134,17,-0.05247647320123927,1.022554360265507,1.6258045319295031
1736061674.977498,17,-0.04280835692749241,1.0193316548409246,1.612913710231174
1736061674.9803917,17,-0.01697635875857495,1.0257770656900893,1.5935271229114212
1736061674.9832509,17,-0.04925376777665713,1.022554360265507,1.622581826504921
1736061674.9861817,17,-0.020249418955416765,1.0289997711146714,1.6000228885328451
1736061674.989068,17,-0.03314024065374577,1.022554360265507,1.6064682993820096
1736061674.9919236,17,-0.03958565150291027,1.0193316548409246,1.6096910048065918
1736061674.9947798,17,-0.007308242484828309,1.0257770656900893,1.5838590066376745
1736061674.9976735,17,-0.04280835692749241,1.0193316548409246,1.612913710231174
1736061675.0005512,18,-0.01697635875857495,1.0257770656900893,1.5935271229114212
1736061675.003785,18,-0.01375365333399281,1.022554360265507,1.5870817120622567
1736061675.0066643,18,-0.04280835692749241,1.0193316548409246,1.612913710231174
1736061675.0095472,18,-0.010530947909410449,1.0257770656900893,1.5870817120622567
1736061675.0124865,18,-0.04925376777665713,1.0193316548409246,1.6193591210803386
1736061675.0153577,18,-0.029917535229163628,1.0193316548409246,1.6000228885328451
1736061675.0182285,18,-0.023421769607739673,1.0193316548409246,1.5935271229114212
1736061675.0210857,18,-0.03636294607832791,1.0161089494163424,1.6032455939574273
1736061675.0239398,18,-0.004085537060245947,1.022554360265507,1.5774135957885098
1736061675.026801,19,-0.04774586470864428,1.0193316548409246,1.6064682993820096
1736061675.030067,19,-0.03802739366263841,1.0193316548409246,1.5967498283360038
1736061675.0329535,19,-0.0154684556905621,1.022554360265507,1.5774135957885098
1736061675.0360417,19,-0.05419127555780856,1.0193316548409246,1.612913710231174
1736061675.0389192,19,-0.031581982813473686,1.0193316548409246,1.590304417486839
1736061675.04276,19,0.023254364176684583,1.077390707255665,1.5935271229114212
1736061675.046849,19,-0.009023044841397598,1.0709452964065003,1.6193591210803386
1736061675.0508342,19,0.020031658752102,1.077390707255665,1.5967498283360038
1736061675.0547786,19,-0.009023044841397598,1.0709452964065003,1.6193591210803386
1736061675.0587497,20,-0.006320231118553954,1.077390707255665,1.590304417486839
1736061675.0631974,20,0.003347885155192687,1.0741680018310824,1.5774135957885098
1736061675.0671823,20,-0.028929523862889273,1.0741680018310824,1.6096910048065918
1736061675.0713208,20,-0.0030975256939715923,1.077390707255665,1.5870817120622567
1736061675.075267,20,-0.03859764013663591,1.067722590981918,1.612913710231174
1736061675.079192,20,-0.0030975256939720364,1.0741680018310824,1.5838590066376745
1736061675.0831022,20,-0.03215222928747141,1.0709452964065003,1.6096910048065918
1736061675.0870697,20,0.00012517973061054732,1.0709452964065003,1.5774135957885098
1736061675.091003,20,-0.019261407589142188,1.077390707255665,1.6032455939574273
1736061675.0949068,21,-0.0030243716343406057,1.0709452964065003,1.5709681849393453
1736061675.0993226,21,-0.04174719150158729,1.067722590981918,1.6064682993820096
1736061675.103276,21,-0.01269248790808769,1.0741680018310824,1.5838590066376745
1736061675.1073081,21,-0.03530178065242279,1.067722590981918,1.6000228885328451
1736061675.111257,21,-0.01269248790808769,1.0741680018310824,1.5838590066376745
1736061675.1151702,21,-0.03852448607700493,1.0709452964065003,1.6064682993820096
1736061675.119097,21,-0.006247077058922967,1.0741680018310824,1.5774135957885098
1736061675.123019,21,-0.035301780652422565,1.0709452964065003,1.6032455939574273
1736061675.1269257,21,0.00019833379024153386,1.0741680018310824,1.5709681849393453
1736061675.130904,22,-0.027972737317879748,1.0741680018310824,1.6000228885328451
1736061675.1353266,22,-0.011808855422708708,1.077390707255665,1.5870817120622567
1736061675.1394484,22,0.010750082549367157,1.0709452964065003,1.558077363241016
1736061675.1424723,22,-0.03764085359162639,1.0193316548409246,1.554854657816434
1736061675.1456008,22,-0.04730896986537303,1.0161089494163424,1.5613000686655985
1736061675.1485317,22,-0.07309061326203126,1.009663538567178,1.5806363012130922
1736061675.1513991,22,-0.03441814816704403,1.0193316548409246,1.5516319523918516
1736061675.1542614,22,-0.07953602411119598,1.01288624399176,1.590304417486839
1736061675.1574092,22,-0.05697708613911989,1.0193316548409246,1.5741908903639275
1736061675.1602802,23,-0.031526244857221386,1.0193316548409246,1.5484092469672694
1736061675.1634924,23,-0.05408518282929725,1.01288624399176,1.5645227740901808
1736061675.1663694,23,-0.06375329910304389,1.009663538567178,1.5709681849393453
1736061675.1692514,23,-0.02503047923579743,1.0193316548409246,1.5419134813458455
1736061675.1721141,23,-0.0701987099522084,1.009663538567178,1.5774135957885098
1736061675.1752071,23,-0.031526244857221386,1.0193316548409246,1.5484092469672694
1736061675.1781232,23,-0.034748950281803526,1.0161089494163424,1.5484092469672694
1736061675.180989,23,-0.06697600452762648,1.0064408331425954,1.5709681849393453
1736061675.1838326,23,-0.028253184660380015,1.0193316548409246,1.545136186770428
1736061675.1866894,24,-0.07516376914741629,1.009663538567178,1.5774135957885098
1736061675.1899312,24,-0.06549565287366987,1.0064408331425954,1.5645227740901808
1736061675.1927993,24,-0.02677283300642297,1.0161089494163424,1.535468070496681
1736061675.1958303,24,-0.07194106372283393,1.009663538567178,1.5741908903639275
1736061675.1988847,24,-0.06227294744908751,1.0064408331425954,1.5613000686655985
1736061675.2017672,24,-0.02355012758184083,1.0161089494163424,1.5322453650720989
1736061675.2054949,24,-0.039714009477011425,1.0161089494163424,1.5484092469672694
1736061675.2084563,24,-0.03644094928016983,1.01288624399176,1.5419134813458455
1736061675.211341,24,-0.06871835829825201,1.0064408331425954,1.567745479514763
1736061675.2142105,25,-0.037812632760990894,1.0161089494163424,1.5419134813458455
1736061675.2174914,25,-0.041035338185573256,1.01288624399176,1.5419134813458455
1736061675.2203865,25,-0.07331274720365544,1.0064408331425954,1.567745479514763
1736061675.2232523,25,-0.03136722191182639,1.0161089494163424,1.535468070496681
1736061675.2261124,25,-0.0765354526282378,1.0064408331425954,1.5709681849393453
1736061675.2289803,25,-0.041035338185573256,1.01288624399176,1.5419134813458455
1736061675.232085,25,-0.07009004177907285,1.009663538567178,1.567745479514763
1736061675.235733,25,-0.031367221911826615,1.0064408331425954,1.5257999542229341
1736061675.2386832,25,-0.06042192550532599,1.009663538567178,1.558077363241016
1736061675.2415469,26,-0.06400313949849612,1.0064408331425954,1.5484092469672694
1736061675.2447908,26,-0.03494843590499608,1.0161089494163424,1.5290226596475165
1736061675.2477112,26,-0.057507373877072165,1.009663538567178,1.545136186770428
1736061675.2505636,26,-0.06722584492307826,1.0064408331425954,1.5516319523918516
1736061675.253398,26,-0.03494843590499608,1.009663538567178,1.522577248798352
1736061675.2563648,26,-0.07689396119682512,1.0064408331425954,1.5613000686655985
1736061675.2592304,26,-0.03817114132957844,1.0161089494163424,1.5322453650720989
1736061675.2620723,26,-0.08333937204598962,1.0064408331425954,1.567745479514763
1736061675.2649097,26,-0.05428466845248958,1.009663538567178,1.5419134813458455
1736061675.2677717,27,-0.07743359478494921,1.009663538567178,1.558077363241016
1736061675.272127,27,-0.03548806949312061,1.01288624399176,1.5193545433737696
1736061675.275256,27,-0.06771512373894334,1.0032181277180132,1.5419134813458455
1736061675.278164,27,-0.025819953219373748,1.01288624399176,1.5096864271000228
1736061675.2810113,27,-0.07743359478494943,1.0032181277180132,1.5516319523918516
1736061675.284102,27,-0.04193348034228511,1.01288624399176,1.5257999542229341
1736061675.287811,27,-0.06776547851120257,1.009663538567178,1.5484092469672694
1736061675.2907124,27,-0.045156185766867474,1.01288624399176,1.5290226596475165
1736061675.2936294,27,-0.0806563002095318,1.0064408331425954,1.558077363241016
1736061675.2971349,28,-0.0580470074651967,1.0064408331425954,1.535468070496681
1736061675.3005002,28,-0.0742108893603673,1.0064408331425954,1.5516319523918516
1736061675.303396,28,-0.06126971288977884,1.0032181277180132,1.535468070496681
1736061675.3063195,28,-0.02904265864395611,1.0064408331425954,1.5064637216754404
1736061675.3092039,28,-0.07743359478494954,0.999995422293431,1.5484092469672694
1736061675.3120399,28,-0.02904265864395611,1.01288624399176,1.5129091325246051
1736061675.314864,28,-0.07743359478494943,1.0032181277180132,1.5516319523918516
1736061675.317702,28,-0.03548806949312061,1.009663538567178,1.5161318379491875
1736061675.3205442,28,-0.07743359478494943,1.0032181277180132,1.5516319523918516
1736061675.3233678,29,-0.026879201869006053,1.0064408331425954,1.522577248798352
1736061675.326509,29,-0.010765674746094467,1.0064408331425954,1.5064637216754404
1736061675.3293908,29,-0.05588355069024653,0.999995422293431,1.545136186770428
1736061675.332228,29,-0.007542969321511883,1.009663538567178,1.5064637216754404
1736061675.3350716,29,-0.05266084526566428,1.0032181277180132,1.545136186770428
1736061675.3381104,29,-0.026879201869006053,1.0064408331425954,1.522577248798352
1736061675.3409793,29,-0.020433791019841552,1.0064408331425954,1.5161318379491875
1736061675.3438354,29,-0.04621543441649956,0.9967727168688487,1.5322453650720989
1736061675.3466759,29,-0.001097558472347826,1.0064408331425954,1.4967956054016938
1736061675.3495545,30,-0.051734659138815475,0.999995422293431,1.5386907759212634
1736061675.3527057,30,-0.0291757211667395,1.0032181277180132,1.5193545433737696
1736061675.3555615,30,-0.013062194043828135,1.0064408331425954,1.5064637216754404
1736061675.3586714,30,-0.0420665428650685,0.9967727168688487,1.5257999542229341
1736061675.3615623,30,-0.019507604892992858,1.0064408331425954,1.5129091325246051
1736061675.3644097,30,-0.035621132015904,1.0032181277180132,1.5257999542229341
1736061675.367278,30,-0.03239842659132175,0.999995422293431,1.5193545433737696
1736061675.3701146,30,-0.022730310317574998,1.0032181277180132,1.5129091325246051
1736061675.3729384,30,-0.03884383744048636,0.9967727168688487,1.522577248798352
1736061675.375762,31,-0.01798160738761795,1.0064408331425954,1.5064637216754404
1736061675.378957,31,-0.05987677790718743,0.999995422293431,1.5419134813458455
1736061675.3818102,31,-0.030872429085947062,0.999995422293431,1.5129091325246051
1736061675.3847897,31,-0.03409513451052942,0.999995422293431,1.5161318379491875
1736061675.3876758,31,-0.05343136705802304,0.9967727168688487,1.5322453650720989
1736061675.3905034,31,-0.001817725492447353,1.0064408331425954,1.4902998397802698
1736061675.3933268,31,-0.05343136705802304,0.9967727168688487,1.5322453650720989
1736061675.3961487,31,-0.008313491113871307,1.0064408331425954,1.4967956054016938
1736061675.3990006,31,-0.05665407248260518,0.9967727168688487,1.535468070496681
1736061675.4018397,32,-0.008584965229790575,1.0064408331425954,1.4935225452048524
1736061675.405024,32,-0.015080730851214086,1.0032181277180132,1.4967956054016938
1736061675.4079068,32,-0.053753195946201315,0.9935500114442664,1.5257999542229341
1736061675.4109344,32,-0.018303436275796225,1.0032181277180132,1.500018310826276
1736061675.4137843,32,-0.03763966882329006,0.999995422293431,1.5161318379491875
1736061675.4166286,32,-0.03441696339870759,0.9967727168688487,1.5096864271000228
1736061675.4194713,32,-0.021526141700378587,1.0032181277180132,1.5032410162508583
1736061675.4222953,32,-0.04086237424787231,0.9935500114442664,1.5129091325246051
1736061675.4251118,32,-0.015080730851214086,1.0032181277180132,1.4967956054016938
1736061675.4279885,33,-0.05101604237114443,0.9935500114442664,1.5161318379491875
1736061675.4311304,33,-0.01873863335306214,0.999995422293431,1.4902998397802698
1736061675.4339924,33,-0.034902515248232735,0.999995422293431,1.5064637216754404
1736061675.4368978,33,-0.038125220672814986,0.9967727168688487,1.5064637216754404
1736061675.4397523,33,-0.01229322250389775,1.0032181277180132,1.4870771343556877
1736061675.4425755,33,-0.05746145322030882,0.9903273060196841,1.5193545433737696
1736061675.4459548,33,-0.04457063152197971,0.9935500114442664,1.5096864271000228
1736061675.4488523,33,0.0005975991944314751,1.0032181277180132,1.4741863126573584
1736061675.4517126,33,-0.06390686406947343,0.9935500114442664,1.5290226596475165
1736061675.454574,34,-0.012873662848415957,1.0032181277180132,1.4870771343556877
1736061675.4577727,34,-0.009650957423833706,0.999995422293431,1.4806317235065232
1736061675.4606335,34,-0.05481918814024489,0.9903273060196841,1.5161318379491875
1736061675.46355,34,-0.0032055465746693157,1.0032181277180132,1.477409018081941
1736061675.4663925,34,-0.05159648271566264,0.9935500114442664,1.5161318379491875
1736061675.469235,34,-0.012873662848416068,0.999995422293431,1.4838544289311055
1736061675.4720683,34,-0.03226025016816869,0.9967727168688487,1.500018310826276
1736061675.4748845,34,-0.02576448454674518,0.9967727168688487,1.4935225452048524
1736061675.4777186,34,-0.03870566101733319,0.9967727168688487,1.5064637216754404
1736061675.4805608,35,-0.028987189971327543,0.9935500114442664,1.4935225452048524
1736061675.4837434,35,0.0032398642744954076,1.0032181277180132,1.4709636072327763
1736061675.4866016,35,-0.045151071866497916,0.9935500114442664,1.5096864271000228
1736061675.4897401,35,-0.03226025016816869,0.9967727168688487,1.500018310826276
1736061675.4926095,35,0.0032398642744955186,0.999995422293431,1.467740901808194
1736061675.4956534,35,-0.05159648271566264,0.9935500114442664,1.5161318379491875
1736061675.4985921,35,-0.028987189971327543,0.9935500114442664,1.4935225452048524
1736061675.5014453,35,1.715884991315697e-05,0.999995422293431,1.4709636072327763
1736061675.5042884,35,-0.04515107186649803,0.9871046005951017,1.5032410162508583
1736061675.5071685,36,0.00985243015116155,0.999995422293431,1.458072785534447
1736061675.5102098,36,-0.044983916838996385,0.9935500114442664,1.5064637216754404
1736061675.5130732,36,-0.02559732951924376,0.9903273060196841,1.4838544289311055
1736061675.5159235,36,-0.01592921324549701,0.9935500114442664,1.477409018081941
1736061675.5188382,36,-0.038488151217572986,0.9871046005951017,1.4935225452048524
1736061675.521689,36,0.00985243015116155,0.999995422293431,1.458072785534447
1736061675.5245273,36,-0.044983916838996496,0.9903273060196841,1.5032410162508583
1736061675.527404,36,0.00985243015116155,0.999995422293431,1.458072785534447
1736061675.5302444,36,-0.051429327688161,0.9903273060196841,1.5096864271000228
1736061675.5330725,37,-0.005174803644605985,0.999995422293431,1.467740901808194
1736061675.5360982,37,-0.024511036192099822,0.9935500114442664,1.4806317235065232
1736061675.5396929,37,-0.011620214493770598,0.9935500114442664,1.467740901808194
1736061675.54261,37,-0.05356573978559953,0.9871046005951017,1.5032410162508583
1736061675.5454607,37,-0.005174803644606096,0.9967727168688487,1.4645181963836118
1736061675.5483162,37,-0.04712032893643481,0.9903273060196841,1.500018310826276
1736061675.5511649,37,-0.008397509069188236,0.9967727168688487,1.467740901808194
1736061675.5540016,37,-0.0406245633150113,0.9903273060196841,1.4935225452048524
1736061675.55684,37,-0.01484291991835296,0.9935500114442664,1.4709636072327763
1736061675.5596938,38,-0.03522607221216523,0.9935500114442664,1.4838544289311055
1736061675.5627446,38,-0.04167148306132984,0.9871046005951017,1.4838544289311055
1736061675.565605,38,0.009891803731986837,0.999995422293431,1.445181963836118
1736061675.5684986,38,-0.05461265953191807,0.9871046005951017,1.4967956054016938
1736061675.5725238,38,-0.04811689391049434,0.9903273060196841,1.4935225452048524
1736061675.575451,38,-0.03522607221216523,0.9935500114442664,1.4838544289311055
1736061675.578327,38,-0.028780661363000393,0.9903273060196841,1.4741863126573584
1736061675.5815232,38,-0.009444428815506778,0.9967727168688487,1.4612954909590294
1736061675.5849419,38,-0.01911254508925364,0.9935500114442664,1.467740901808194
1736061675.587886,39,-0.02573224733512891,0.9903273060196841,1.467740901808194
1736061675.5909414,39,-0.05473659615636972,0.9871046005951017,1.4935225452048524
1736061675.5938747,39,-0.009618720212217435,0.9935500114442664,1.4548500801098647
1736061675.5975828,39,4.9396061529205504e-05,0.9967727168688487,1.4484046692607004
1736061675.6005223,39,4.9396061529205504e-05,0.9967727168688487,1.4484046692607004
1736061675.6033902,39,-0.05151389073178714,0.9871046005951017,1.4902998397802698
1736061675.60622,39,-0.016064131061382048,0.9903273060196841,1.458072785534447
1736061675.6090858,39,-0.0418457744580405,0.9903273060196841,1.4838544289311055
1736061675.611933,39,-0.02573224733512891,0.9903273060196841,1.467740901808194
1736061675.6147683,40,-0.02573224733512891,0.9903273060196841,1.467740901808194
1736061675.6178122,40,-0.04184577445804061,0.9838818951705195,1.477409018081941
1736061675.6206708,40,0.0097678671075353,0.9935500114442664,1.435463492790112
1736061675.623505,40,-0.05151389073178725,0.9838818951705195,1.4870771343556877
1736061675.626349,40,0.003272101486111567,0.9967727168688487,1.445181963836118
1736061675.6292567,40,-0.05151389073178714,0.9871046005951017,1.4902998397802698
1736061675.6321316,40,-0.016064131061382048,0.9903273060196841,1.458072785534447
1736061675.6349745,40,-0.02573224733512891,0.9903273060196841,1.467740901808194
1736061675.6378868,40,-0.02250954191054677,0.9903273060196841,1.4645181963836118
1736061675.640762,41,-0.006280673568672512,0.9935500114442664,1.4484046692607004
1736061675.6438947,41,-0.051398549512824465,0.9838818951705195,1.4838544289311055
1736061675.6468103,41,-0.019171495267001404,0.9871046005951017,1.4548500801098647
1736061675.6496775,41,-0.012726084417836903,0.9903273060196841,1.4516273746852826
1736061675.6525905,41,-0.03850772781449513,0.9806591897459372,1.467740901808194
1736061675.6554406,41,0.013105913751080445,0.9935500114442664,1.4290180819409475
1736061675.6582842,41,-0.051398549512824354,0.9806591897459372,1.4806317235065232
1736061675.6611257,41,0.009883208326498083,0.9935500114442664,1.4322407873655298
1736061675.6639557,41,-0.054621254937406716,0.9806591897459372,1.4838544289311055
1736061675.6667883,42,-0.0036148768090879524,0.9903273060196841,1.4386861982146943
1736061675.6698225,42,-0.02622416955342305,0.9871046005951017,1.458072785534447
1736061675.67268,42,-0.0294468749780053,0.9838818951705195,1.458072785534447
1736061675.6755176,42,-0.006837582233670314,0.9903273060196841,1.4419089036392767
1736061675.6783483,42,-0.04233769667633441,0.9806591897459372,1.467740901808194
1736061675.6811824,42,0.002830534040076549,0.9903273060196841,1.4322407873655298
1736061675.6840196,42,-0.04233769667633441,0.9806591897459372,1.467740901808194
1736061675.6868708,42,0.0060532394646589105,0.9903273060196841,1.4290180819409475
1736061675.689775,42,-0.0520058129500815,0.9806591897459372,1.477409018081941
1736061675.6927183,43,-0.0011463706077900482,0.9903273060196841,1.4322407873655298
1736061675.6957512,43,-0.017310252502960644,0.9871046005951017,1.445181963836118
1736061675.698655,43,-0.04958766152104238,0.9773861295490959,1.467740901808194
1736061675.7014973,43,0.014967156515121427,0.9935500114442664,1.4193499656672006
1736061675.7043352,43,-0.04953730674878337,0.9806591897459372,1.4709636072327763
1736061675.7071998,43,0.011744451090539287,0.9935500114442664,1.4225726710917828
1736061675.7100449,43,-0.04953730674878337,0.9806591897459372,1.4709636072327763
1736061675.7128794,43,-0.0011463706077900482,0.9903273060196841,1.4322407873655298
1736061675.7157848,43,-0.03664648505045426,0.9838818951705195,1.4612954909590294
1736061675.718685,44,-0.027579853196227855,0.9838818951705195,1.4484046692607004
1736061675.7216992,44,0.004697555821854438,0.9903273060196841,1.4225726710917828
1736061675.7245526,44,-0.05341185136514498,0.9773861295490959,1.467740901808194
1736061675.7274902,44,0.004697555821854438,0.9903273060196841,1.4225726710917828
1736061675.730342,44,-0.034025264045392134,0.9838818951705195,1.4548500801098647
1736061675.7331755,44,-0.021084087574804122,0.9838818951705195,1.4419089036392767
1736061675.7359934,44,-0.024357147771645493,0.9838818951705195,1.445181963836118
1736061675.7389662,44,-0.030802558620810105,0.9806591897459372,1.4484046692607004
1736061675.7423272,44,-0.030802558620810105,0.9806591897459372,1.4484046692607004
1736061675.7452085,45,0.0037899962660598585,0.9903273060196841,1.4225726710917828
1736061675.7482488,45,-0.05104635072409819,0.9806591897459372,1.467740901808194
1736061675.7511232,45,-0.012323530856851839,0.9838818951705195,1.4322407873655298
1736061675.7539654,45,-0.0219916471305987,0.9838818951705195,1.4419089036392767
1736061675.7568762,45,-0.02199164713059859,0.9806591897459372,1.4386861982146943
1736061675.7597327,45,0.0037899962660598585,0.9903273060196841,1.4225726710917828
1736061675.7625675,45,-0.041428589222610335,0.9773861295490959,1.4548500801098647
1736061675.7653928,45,0.007012701690641998,0.9903273060196841,1.4193499656672006
1736061675.768245,45,-0.04787400007177506,0.9773861295490959,1.4612954909590294
1736061675.7710974,46,0.013131424230610866,0.9903273060196841,1.409681849393454
1736061675.774118,46,-0.041704922759546736,0.9806591897459372,1.4548500801098647
1736061675.7770357,46,-0.025541040864376363,0.9806591897459372,1.4386861982146943
1736061675.7799504,46,-0.0029821028923003867,0.9838818951705195,1.4193499656672006
1736061675.7829075,46,-0.03853257210722383,0.9773861295490959,1.4484046692607004
1736061675.7857893,46,0.0034633079568642255,0.9871046005951017,1.4161272602426183
1736061675.7886834,46,-0.032036806485800096,0.9806591897459372,1.445181963836118
1736061675.7916954,46,-0.025541040864376363,0.9806591897459372,1.4386861982146943
1736061675.7945702,46,0.0034633079568642255,0.9871046005951017,1.4161272602426183
1736061675.797465,47,-0.04820068838097047,0.9773861295490959,1.458072785534447
1736061675.8005128,47,-0.0029821028923003867,0.9838818951705195,1.4193499656672006
1736061675.8034256,47,-0.0158729245906295,0.9806591897459372,1.4290180819409475
1736061675.8063052,47,-0.028814101061217734,0.9773861295490959,1.4386861982146943
1736061675.809154,47,0.016354129655193228,0.9871046005951017,1.4032364385442893
1736061675.8119879,47,-0.04820068838097047,0.9741634241245135,1.4548500801098647
1736061675.8148258,47,0.01957683507977559,0.9903273060196841,1.4032364385442893
1736061675.8176844,47,-0.04820068838097047,0.9773861295490959,1.458072785534447
1736061675.8205202,47,0.006686013381446254,0.9838818951705195,1.409681849393454
1736061675.823346,48,-0.03872040285734896,0.9806591897459372,1.4484046692607004
1736061675.8263652,48,-0.012888404688431276,0.9806591897459372,1.4225726710917828
1736061675.8292272,48,-0.0032202884146845245,0.9838818951705195,1.4161272602426183
1736061675.8321397,48,-0.035497697432766595,0.9741634241245135,1.4386861982146943
1736061675.835949,48,-0.01611111011301386,0.9806591897459372,1.4257953765163653
1736061675.8388393,48,-0.035497697432766595,0.9741634241245135,1.4386861982146943
1736061675.8416967,48,0.009670533283644478,0.9838818951705195,1.4032364385442893
1736061675.8446834,48,-0.04521616847877269,0.9741634241245135,1.4484046692607004
1736061675.8483999,48,-0.009716054036108257,1.0193316548409246,1.458072785534447
1736061675.852051,49,0.04541392369456526,1.0193316548409246,1.4225726710917828
1736061675.8559027,49,0.061527450817476625,1.0289997711146714,1.4161272602426183
1736061675.859629,49,0.01958192552564758,1.0193316548409246,1.4484046692607004
1736061675.8632646,49,0.029300396571653675,1.01288624399176,1.4322407873655298
1736061675.8683958,49,0.06475015624205877,1.0193316548409246,1.4032364385442893
1736061675.8722188,49,0.013136514676483302,1.0193316548409246,1.4548500801098647
1736061675.8758843,49,0.03896851284540054,1.0161089494163424,1.4257953765163653
1736061675.8806033,49,0.04541392369456504,1.0289997711146714,1.4322407873655298
1736061675.884425,49,0.04541392369456504,1.0289997711146714,1.4322407873655298
1736061675.8881228,50,0.01675038779085969,1.0193316548409246,1.4548500801098647
1736061675.8931882,50,0.04902779680894165,1.0257770656900893,1.4290180819409475
1736061675.8970563,50,0.05547320765810637,1.0257770656900893,1.4225726710917828
1736061675.9007258,50,0.01997309321544183,1.01288624399176,1.445181963836118
1736061675.9043386,50,0.04902779680894165,1.0161089494163424,1.4193499656672006
1736061675.9080353,50,0.06836402935643515,1.0193316548409246,1.4032364385442893
1736061675.911663,50,0.05869591308268851,1.0257770656900893,1.4193499656672006
1736061675.9152772,50,0.03291426968603006,1.0193316548409246,1.4386861982146943
1736061675.9189103,50,0.01997309321544183,1.0161089494163424,1.4484046692607004
1736061675.9225261,51,0.041206413440528,1.01288624399176,1.4225726710917828
1736061675.9263737,51,0.07987887853551523,1.022554360265507,1.3935683222705424
1736061675.930064,51,0.04442911886510992,1.0193316548409246,1.4257953765163653
1736061675.9336867,51,0.021819826120775043,1.0161089494163424,1.445181963836118
1736061675.937926,51,0.04442911886511014,1.01288624399176,1.4193499656672006
1736061675.9416206,51,0.025042531545357183,1.0193316548409246,1.445181963836118
1736061675.945272,51,0.03153829716678114,1.009663538567178,1.4290180819409475
1736061675.9492,51,0.08632428938467973,1.0289997711146714,1.3935683222705424
1736061675.9531293,51,0.04447947363736937,1.032272831311513,1.4386861982146943
1736061675.957143,52,0.063153506962697,1.0289997711146714,1.4032364385442893
1736061675.9612734,52,0.02120798167086818,1.0289997711146714,1.445181963836118
1736061675.9652436,52,0.0793173888578676,1.0289997711146714,1.3870725566491187
1736061675.9691615,52,0.024481041867709552,1.0289997711146714,1.4419089036392767
1736061675.9730337,52,0.059930801538114864,1.0257770656900893,1.4032364385442893
1736061675.9768937,52,0.056758450885791734,1.0354955367360952,1.4161272602426183
1736061675.9808865,52,0.0438172744152035,1.022554360265507,1.4161272602426183
1736061675.9847596,52,0.0728719780087031,1.0354955367360952,1.400013733119707
1736061675.9886942,52,0.024481041867709552,1.0289997711146714,1.4419089036392767
1736061675.9925716,53,0.07325964919263722,1.0289997711146714,1.390295262073701
1736061675.996675,53,0.02164600762706176,1.0257770656900893,1.4386861982146943
1736061676.0006654,53,0.07648235461721958,1.0289997711146714,1.3870725566491187
1736061676.004613,53,0.024868713051643898,1.0289997711146714,1.4386861982146943
1736061676.0085373,53,0.06676388357121371,1.0257770656900893,1.3935683222705424
1736061676.0124311,53,0.040982240174555484,1.0289997711146714,1.4225726710917828
1736061676.0163176,53,0.047427651023719986,1.0193316548409246,1.4064591439688714
1736061676.020221,53,0.06359153291889058,1.0354955367360952,1.4064591439688714
1736061676.0241039,53,0.02809141847622626,1.0257770656900893,1.4322407873655298
1736061676.0280395,54,0.07072934151072757,1.0289997711146714,1.3806271457999542
1736061676.032178,54,0.012670289095987386,1.0289997711146714,1.4386861982146943
1736061676.0360925,54,0.06106122523698093,1.0257770656900893,1.3870725566491187
1736061676.040023,54,0.028783816218898972,1.0289997711146714,1.4225726710917828
1736061676.0439773,54,0.05134275419097484,1.022554360265507,1.3935683222705424
1736061676.0480914,54,0.028783816218898972,1.022554360265507,1.4161272602426183
1736061676.0509708,54,-0.032497941620423576,0.9644953078507668,1.4193499656672006
1736061676.0538185,54,0.02878381621889886,0.9773861295490959,1.3709590295262073
1736061676.0566406,54,-0.032497941620423465,0.967718013275349,1.4225726710917828
1736061676.0594964,55,0.030095258698081273,0.9773861295490959,1.3645136186770428
1736061676.0625255,55,-0.01829567744291205,0.967718013275349,1.4032364385442893
1736061676.0653725,55,-0.002131795547741455,0.967718013275349,1.3870725566491187
1736061676.0682333,55,0.004313615301423157,0.9709407186999313,1.3838498512245363
1736061676.0711212,55,-0.0150729720183298,0.9644953078507668,1.3967910276951248
1736061676.073961,55,0.01720443699975227,0.9773861295490959,1.3774044403753718
1736061676.0767817,55,-0.02474108829207644,0.9644953078507668,1.4064591439688714
1736061676.0796072,55,0.023649847848916772,0.9773861295490959,1.3709590295262073
1736061676.0824325,55,-0.031186499141241164,0.9644953078507668,1.4129045548180361
1736061676.085265,56,0.020961646345165175,0.9773861295490959,1.3709590295262073
1736061676.0884845,56,-0.008042702476075414,0.967718013275349,1.390295262073701
1736061676.091349,56,-0.011315762672916785,0.967718013275349,1.3935683222705424
1736061676.0941956,56,0.011293530071418312,0.9741634241245135,1.3774044403753718
1736061676.0971284,56,-0.0242065843712459,0.9644953078507668,1.4032364385442893
1736061676.0999942,56,0.024184351769747314,0.9741634241245135,1.3645136186770428
1736061676.1028106,56,-0.04032011149415715,0.9612726024261845,1.4161272602426183
1736061676.10561,56,0.027407057194329676,0.9773861295490959,1.3645136186770428
1736061676.1085386,56,-0.03387470064499276,0.9644953078507668,1.4129045548180361
1736061676.1114235,57,0.025064931204620278,0.9741634241245135,1.3612909132524604
1736061676.1144445,57,-0.007162123041202451,0.967718013275349,1.3870725566491187
1736061676.1173432,57,-0.0039394176166202,0.9644953078507668,1.3806271457999542
1736061676.1201785,57,0.012174109506291164,0.9709407186999313,1.3709590295262073
1736061676.1230774,57,-0.010384828465784701,0.9644953078507668,1.3870725566491187
1736061676.1259136,57,0.018619520355455776,0.9741634241245135,1.367736324101625
1736061676.1287591,57,-0.023326004936372935,0.9644953078507668,1.400013733119707
1736061676.1319609,57,-0.055603413954455005,0.9773861295490959,1.445181963836118
1736061676.1348507,57,0.021842225780037916,0.9741634241245135,1.3645136186770428
1736061676.139019,58,-0.031590910933436356,0.9644953078507668,1.3967910276951248
1736061676.1420856,58,-0.02187243988743026,0.9644953078507668,1.3870725566491187
1736061676.1449554,58,0.016800025207556857,0.9741634241245135,1.3580682078278783
1736061676.1478052,58,-0.04125902720718311,0.9612726024261845,1.4032364385442893
1736061676.1507013,58,0.02324543605672158,0.9741634241245135,1.3516227969787136
1736061676.1535273,58,-0.034813616358018606,0.9612726024261845,1.3967910276951248
1736061676.156361,58,0.02002273063213933,0.9709407186999313,1.3516227969787136
1736061676.1591992,58,-0.034813616358018606,0.9612726024261845,1.3967910276951248
1736061676.1620219,58,0.01680002520755719,0.9709407186999313,1.3548455024032957
1736061676.1648643,59,-0.03654287863092015,0.9644953078507668,1.3967910276951248
1736061676.167893,59,0.005402646660908561,0.967718013275349,1.3580682078278783
1736061676.170802,59,-0.010710880462002803,0.967718013275349,1.3741817349507897
1736061676.1736667,59,-0.017156291311167193,0.9644953078507668,1.3774044403753718
1736061676.1764967,59,-0.0010427641882559402,0.967718013275349,1.3645136186770428
1736061676.1793323,59,-0.020378996735749555,0.9644953078507668,1.3806271457999542
1736061676.1821556,59,-0.0010427641882559402,0.967718013275349,1.3645136186770428
1736061676.1849828,59,-0.023601702160331806,0.9612726024261845,1.3806271457999542
1736061676.1878355,59,0.0021799412363263104,0.9709407186999313,1.3645136186770428
1736061676.1906786,60,-0.026824407584913945,0.9612726024261845,1.3838498512245363
1736061676.1937003,60,0.015070762934655535,0.9709407186999313,1.3516227969787136
1736061676.1966078,60,-0.03326981843407867,0.9580498970016021,1.3870725566491187
1736061676.1994765,60,0.018293468359237786,0.967718013275349,1.345177386129549
1736061676.2023082,60,-0.026824407584913945,0.9612726024261845,1.3838498512245363
1736061676.2051296,60,0.021516173783820147,0.967718013275349,1.3419546807049667
1736061676.2079854,60,-0.023601702160331806,0.9612726024261845,1.3806271457999542
1736061676.210816,60,0.011848057510073284,0.967718013275349,1.3516227969787136
1736061676.2143426,60,-0.023601702160331806,0.9580498970016021,1.3774044403753718
1736061676.2175734,61,0.027702179918137393,0.9644953078507668,1.3290135042343785
1736061676.2206378,61,-0.02391146164743818,0.9612726024261845,1.3774044403753718
1736061676.2235165,61,-0.004575229099944678,0.9612726024261845,1.3580682078278783
1736061676.2269928,61,0.0018701817492201567,0.9644953078507668,1.3548455024032957
1736061676.2300506,61,0.0018701817492198236,0.967718013275349,1.3580682078278783
1736061676.233007,61,-0.036802283345767406,0.9580498970016021,1.3870725566491187
1736061676.2360284,61,0.01798370887213141,0.967718013275349,1.3419546807049667
1736061676.239431,61,-0.007797934524526928,0.9644953078507668,1.3645136186770428
1736061676.2427013,61,0.008315592598384547,0.967718013275349,1.3516227969787136
1736061676.2460074,62,-0.03839405534088841,0.9580498970016021,1.3870725566491187
1736061676.2490735,62,-0.03194864449172391,0.9580498970016021,1.3806271457999542
1736061676.2519798,62,0.026110407923016388,0.9644953078507668,1.3290135042343785
1736061676.2548351,62,-0.015835117368812324,0.9612726024261845,1.367736324101625
1736061676.2577088,62,0.006723820603263653,0.9644953078507668,1.3484000915541312
1736061676.2605493,62,-0.006167001095065572,0.9644953078507668,1.3612909132524604
1736061676.2633705,62,-0.006167001095065683,0.9612726024261845,1.3580682078278783
1736061676.2661898,62,-0.002944295670483432,0.9644953078507668,1.3580682078278783
1736061676.269029,62,-0.015835117368812546,0.9580498970016021,1.3645136186770428
1736061676.2718554,63,0.0008731102743428365,0.967718013275349,1.3516227969787136
1736061676.2748659,63,-0.037799354820644615,0.9580498970016021,1.3806271457999542
1736061676.2777858,63,0.017036992169513432,0.967718013275349,1.335458915083543
1736061676.2806392,63,-0.02490853312231539,0.9580498970016021,1.367736324101625
1736061676.2834713,63,0.013814286744931181,0.9644953078507668,1.335458915083543
1736061676.2862854,63,-0.02490853312231539,0.9580498970016021,1.367736324101625
1736061676.2891295,63,0.01059158132034882,0.9644953078507668,1.3386816205081253
1736061676.291948,63,-0.01846312227315089,0.9612726024261845,1.3645136186770428
1736061676.294773,63,0.004095815698925198,0.9612726024261845,1.3419546807049667
1736061676.297659,64,-0.016422274228485634,0.9612726024261845,1.3612909132524604
1736061676.300674,64,-0.022867685077650357,0.9580498970016021,1.3645136186770428
1736061676.3035727,64,0.012632429365013964,0.967718013275349,1.3386816205081253
1736061676.3064194,64,-0.03898121220056161,0.9548271915770199,1.3774044403753718
1736061676.309257,64,0.019077840214178576,0.9644953078507668,1.3290135042343785
1736061676.312068,64,-0.03253580135139711,0.9548271915770199,1.3709590295262073
1736061676.3148785,64,0.019077840214178576,0.9644953078507668,1.3290135042343785
1736061676.3177161,64,-0.03253580135139711,0.9548271915770199,1.3709590295262073
1736061676.3205523,64,0.019077840214178576,0.9644953078507668,1.3290135042343785
1736061676.32338,65,-0.02684300372274656,0.9548271915770199,1.3645136186770428
1736061676.3263948,65,0.015102521569082261,0.9644953078507668,1.3322362096589608
1736061676.3292608,65,-0.02039759287358195,0.9580498970016021,1.3612909132524604
1736061676.3320973,65,0.005434405295335509,0.9580498970016021,1.335458915083543
1736061676.334926,65,-0.010729476599835086,0.9580498970016021,1.3516227969787136
1736061676.338202,65,-0.02684300372274645,0.9580498970016021,1.367736324101625
1736061676.3411195,65,0.015102521569082372,0.9612726024261845,1.3290135042343785
1736061676.3439815,65,-0.007506771175252724,0.9612726024261845,1.3516227969787136
1736061676.3468,65,-0.004284065750670585,0.9580498970016021,1.345177386129549
1736061676.349654,66,0.002567459724813148,0.9644953078507668,1.3419546807049667
1736061676.3529937,66,-0.042550416219338805,0.9548271915770199,1.3774044403753718
1736061676.3559644,66,-0.007100656548933826,0.9580498970016021,1.345177386129549
1736061676.3592873,66,0.00906322534623688,0.9644953078507668,1.335458915083543
1736061676.3623307,66,-0.039327710794756554,0.9580498970016021,1.3774044403753718
1736061676.3653848,66,-0.016768772822680467,0.9580498970016021,1.3548455024032957
1736061676.3682795,66,0.01873134161998352,0.9644953078507668,1.3257907988097963
1736061676.3711364,66,-0.02643688909642744,0.9548271915770199,1.3612909132524604
1736061676.3740306,66,0.021954047044565994,0.9612726024261845,1.3193453879606316
1736061676.3768814,67,-0.02642709941748078,0.9548271915770199,1.3516227969787136
1736061676.3799376,67,-0.01998168856831628,0.9548271915770199,1.345177386129549
1736061676.3827972,67,0.009073015025183317,0.9644953078507668,1.3257907988097963
1736061676.3858984,67,-0.02320439399289842,0.9548271915770199,1.3484000915541312
1736061676.3888092,67,-0.013485922946892548,0.9548271915770199,1.3386816205081253
1736061676.3916743,67,-0.003817806673145574,0.9612726024261845,1.335458915083543
1736061676.394513,67,-0.02642709941748078,0.9548271915770199,1.3516227969787136
1736061676.3973985,67,0.0026276041760189273,0.9612726024261845,1.3290135042343785
1736061676.4002647,67,-0.03609521569122787,0.9516044861524375,1.3580682078278783
1736061676.403108,68,0.029195738961312223,0.9612726024261845,1.3161226825360492
1736061676.4061384,68,0.00019139014007152344,0.9548271915770199,1.3386816205081253
1736061676.4090374,68,0.00019139014007152344,0.9548271915770199,1.3386816205081253
1736061676.411942,68,0.019527622687565138,0.9612726024261845,1.3257907988097963
1736061676.4147897,68,-0.01919519717968121,0.9516044861524375,1.3548455024032957
1736061676.4176528,68,0.029195738961312223,0.9612726024261845,1.3161226825360492
1736061676.4204853,68,-0.015972491755099072,0.9516044861524375,1.3516227969787136
1736061676.423322,68,0.029195738961312,0.9580498970016021,1.312899977111467
1736061676.4261518,68,-0.00952708090593457,0.9516044861524375,1.345177386129549
1736061676.4290094,69,0.0404896329761793,0.9580498970016021,1.3096772716868847
1736061676.432034,69,0.021153400428685576,0.9580498970016021,1.3290135042343785
1736061676.43578,69,0.0404896329761793,0.9580498970016021,1.3096772716868847
1736061676.4387467,69,0.014707989579520964,0.9548271915770199,1.3322362096589608
1736061676.4416325,69,0.008262578730356462,0.9548271915770199,1.3386816205081253
1736061676.4444838,69,0.0340442221270148,0.9612726024261845,1.3193453879606316
1736061676.4475763,69,-0.007901303164814133,0.9516044861524375,1.3516227969787136
1736061676.4504545,69,0.03082151670243255,0.9548271915770199,1.3161226825360492
1736061676.4532945,69,0.017930695004103325,0.9548271915770199,1.3290135042343785
1736061676.4561374,70,0.014899615276589229,0.9548271915770199,1.3290135042343785
1736061676.4591646,70,0.031013142399500704,0.9580498970016021,1.3161226825360492
1736061676.46204,70,-0.007709677467745979,0.9483817807278553,1.345177386129549
1736061676.4649382,70,0.04068125867324768,0.9548271915770199,1.30323186083772
1736061676.4677916,70,0.005231499002842366,0.9516044861524375,1.335458915083543
1736061676.4706275,70,0.027790436974918453,0.9548271915770199,1.3161226825360492
1736061676.4734516,70,0.011676909852006867,0.9516044861524375,1.3290135042343785
1736061676.4766724,70,0.027790436974918453,0.9548271915770199,1.3161226825360492
1736061676.4797094,70,0.037458553248665205,0.9580498970016021,1.3096772716868847
1736061676.4826283,71,0.011676909852006867,0.9516044861524375,1.3290135042343785
1736061676.4856634,71,0.008454204427424505,0.9516044861524375,1.3322362096589608
1736061676.488568,71,0.037458553248665205,0.9580498970016021,1.3096772716868847
1736061676.4915512,71,0.005231499002842366,0.9516044861524375,1.335458915083543
1736061676.4944115,71,0.034235847824082954,0.9548271915770199,1.3096772716868847
1736061676.497295,71,0.02134502612575373,0.9548271915770199,1.322568093385214
1736061676.5001466,71,0.011676909852006867,0.9516044861524375,1.3290135042343785
1736061676.5029821,71,0.031013142399500704,0.9580498970016021,1.3161226825360492
1736061676.505818,71,0.005231499002842366,0.9516044861524375,1.335458915083543
1736061676.508703,72,0.02834142138046214,0.9580498970016021,1.3096772716868847
1736061676.5123425,72,0.005782483408385941,0.9516044861524375,1.3257907988097963
1736061676.5152867,72,0.012227894257550664,0.9516044861524375,1.3193453879606316
1736061676.5182242,72,0.015450599682133026,0.9548271915770199,1.3193453879606316
1736061676.5215604,72,0.005782483408386052,0.9483817807278553,1.322568093385214
1736061676.5263534,72,-0.0038856328653608108,0.9483817807278553,1.3322362096589608
1736061676.5294886,72,0.005782483408385941,0.9516044861524375,1.3257907988097963
1736061676.5324233,72,-0.007108338289943061,0.9516044861524375,1.3386816205081253
1736061676.5359123,72,0.03478683222962675,0.9548271915770199,1.3000091554131379
1736061676.5391698,73,0.023548545293288647,0.9516044861524375,1.30323186083772
1736061676.5422592,73,0.02999395614245315,0.9548271915770199,1.3000091554131379
1736061676.5451698,73,-0.0022330981033699127,0.9483817807278553,1.3257907988097963
1736061676.5481024,73,0.023548545293288647,0.9516044861524375,1.30323186083772
1736061676.5510259,73,0.013880429019541562,0.9516044861524375,1.312899977111467
1736061676.553897,73,0.000989607321212338,0.9516044861524375,1.3257907988097963
1736061676.556776,73,0.02999395614245326,0.9580498970016021,1.30323186083772
1736061676.5596845,73,-0.008678508952534414,0.9483817807278553,1.3322362096589608
1736061676.5625591,73,0.03643936699161765,0.9548271915770199,1.2935637445639734
1736061676.5654316,74,0.0014439010984024225,0.9483817807278553,1.3193453879606316
1736061676.5684805,74,0.014334722796731536,0.9516044861524375,1.3096772716868847
1736061676.5713768,74,0.02400283907047862,0.9548271915770199,1.30323186083772
1736061676.5742452,74,-0.00822421517534444,0.9483817807278553,1.3290135042343785
1736061676.5771806,74,0.02722554449506054,0.9516044861524375,1.2967864499885557
1736061676.5801368,74,0.004666606522984784,0.9483817807278553,1.3161226825360492
1736061676.583019,74,0.02078013364589626,0.9516044861524375,1.30323186083772
1736061676.585889,74,0.014334722796731536,0.9516044861524375,1.3096772716868847
1736061676.5887578,74,0.0014439010984024225,0.9483817807278553,1.3193453879606316
1736061676.5916278,75,0.02897478287459715,0.9580498970016021,1.3000091554131379
1736061676.5946803,75,-2.9565946643439478e-05,0.9483817807278553,1.3193453879606316
1736061676.5975986,75,0.03547054849602055,0.9516044861524375,1.2870679789425499
1736061676.6004841,75,0.012861255751685563,0.9483817807278553,1.3064545662623026
1736061676.6034193,75,0.006415844902521062,0.9483817807278553,1.312899977111467
1736061676.6063051,75,0.028974782874597038,0.9548271915770199,1.2967864499885557
1736061676.6092658,75,-0.006474976795808163,0.9483817807278553,1.3257907988097963
1736061676.61218,75,0.03547054849602055,0.9516044861524375,1.2870679789425499
1736061676.6150541,75,0.009638550327103423,0.9483817807278553,1.3096772716868847
1736061676.617952,76,0.019212702767808787,0.9516044861524375,1.2967864499885557
1736061676.6210122,76,0.012767291918644397,0.9483817807278553,1.3000091554131379
1736061676.623906,76,-0.0033462352042669674,0.9483817807278553,1.3161226825360492
1736061676.626802,76,0.02565811361697351,0.9548271915770199,1.2935637445639734
1736061676.6297202,76,-0.016237056902596192,0.9483817807278553,1.3290135042343785
1736061676.632589,76,0.025658113616973288,0.9516044861524375,1.2903410391393912
1736061676.6354566,76,-0.006568940628849218,0.945159075303273,1.3161226825360492
1736061676.638345,76,0.02893117381381466,0.9516044861524375,1.2870679789425499
1736061676.641213,76,-0.0001235297796847168,0.945159075303273,1.3096772716868847
1736061676.6440873,77,0.02893117381381466,0.9516044861524375,1.2870679789425499
1736061676.6472785,77,0.015989997343226536,0.9483817807278553,1.2967864499885557
1736061676.6502247,77,-0.0033462352042670784,0.945159075303273,1.312899977111467
1736061676.6531065,77,0.03537658466297938,0.9516044861524375,1.2806225680933851
1736061676.6560462,77,0.009544586494062146,0.945159075303273,1.3000091554131379
1736061676.65894,77,0.012767291918644397,0.9483817807278553,1.3000091554131379
1736061676.6618094,77,0.025658113616973288,0.9516044861524375,1.2903410391393912
1736061676.6646657,77,-0.006568940628849218,0.945159075303273,1.3161226825360492
1736061676.6675434,77,0.02893117381381466,0.9516044861524375,1.2870679789425499
1736061676.6704242,78,-0.004809395032034647,0.945159075303273,1.312899977111467
1736061676.6734674,78,0.02419495378920572,0.9516044861524375,1.2903410391393912
1736061676.6763625,78,0.0016360158171300765,0.9419363698786907,1.30323186083772
1736061676.6794379,78,0.027468013986047424,0.9483817807278553,1.2838452735179673
1736061676.6823509,78,0.030690719410629674,0.9516044861524375,1.2838452735179673
1736061676.6857119,78,0.02746801398604709,0.9516044861524375,1.2870679789425499
1736061676.688697,78,0.0016360158171300765,0.9419363698786907,1.30323186083772
1736061676.6915975,78,0.030690719410629563,0.9483817807278553,1.2806225680933851
1736061676.6944683,78,0.01774954294004133,0.9483817807278553,1.2935637445639734
1736061676.6973805,79,0.007742330485218718,0.945159075303273,1.2967864499885557
1736061676.700434,79,0.02068350695580684,0.9483817807278553,1.2870679789425499
1736061676.7033262,79,-0.0051484912131102845,0.945159075303273,1.3096772716868847
1736061676.70627,79,0.030351623229553815,0.9516044861524375,1.2806225680933851
1736061676.7091537,79,0.0012969196360544388,0.945159075303273,1.30323186083772
1736061676.712022,79,0.030351623229553926,0.9483817807278553,1.2773998626688028
1736061676.714882,79,0.004519625060636356,0.9419363698786907,1.2967864499885557
1736061676.7177436,79,0.033574328654136065,0.9483817807278553,1.2741771572442206
1736061676.720612,79,0.007742330485218718,0.9419363698786907,1.2935637445639734
1736061676.7234805,80,0.019164284402972742,0.9483817807278553,1.2838452735179673
1736061676.7265224,80,0.022386989827554993,0.9516044861524375,1.2838452735179673
1736061676.7294176,80,-0.0034450083413624655,0.9419363698786907,1.3000091554131379
1736061676.7322826,80,0.028832400676719383,0.9483817807278553,1.2741771572442206
1736061676.7353115,80,0.006223107932384175,0.9419363698786907,1.2903410391393912
1736061676.7384093,80,-0.0034450083413624655,0.9419363698786907,1.3000091554131379
1736061676.7413201,80,0.032055106101301856,0.945159075303273,1.267731746395056
1736061676.7441928,80,0.006223107932384175,0.9419363698786907,1.2903410391393912
1736061676.7470882,80,0.028832400676719494,0.945159075303273,1.2709544518196383
1736061676.7500074,81,0.014306667343243984,0.945159075303273,1.2806225680933851
1736061676.7539446,81,0.04975642701364896,0.9903273060196841,1.2903410391393912
1736061676.758001,81,0.04331101616448446,0.999995422293431,1.3064545662623026
1736061676.7619991,81,0.05947489805965517,0.9935500114442664,1.2838452735179673
1736061676.7659526,81,0.03364289989073771,0.9967727168688487,1.312899977111467
1736061676.7699192,81,0.056252192635072584,0.9935500114442664,1.2870679789425499
1736061676.7738361,81,0.046533721589067045,0.999995422293431,1.30323186083772
1736061676.778661,81,0.05297913243823121,0.9935500114442664,1.2903410391393912
1736061676.782751,81,0.020752078192408707,1.009663538567178,1.3386816205081253
1736061676.7867134,82,0.04331101616448457,1.0032181277180132,1.3096772716868847
1736061676.7909071,82,0.05297913243823121,0.9935500114442664,1.2903410391393912
1736061676.794914,82,0.04008831073990232,0.999995422293431,1.3096772716868847
1736061676.7989073,82,0.056252192635072584,0.9935500114442664,1.2870679789425499
1736061676.8028145,82,0.049756427013649185,0.999995422293431,1.3000091554131379
1736061676.8067114,82,0.05297913243823121,0.9935500114442664,1.2903410391393912
1736061676.8111386,82,0.0626976034842372,0.999995422293431,1.2870679789425499
1736061676.8152773,82,0.07236571975798428,0.999995422293431,1.2773998626688028
1736061676.8192332,82,0.04653372158906671,0.9935500114442664,1.2967864499885557
1736061676.8238595,83,0.0599541864880519,1.0032181277180132,1.2870679789425499
1736061676.8281286,83,0.05995418648805223,0.999995422293431,1.2838452735179673
1736061676.8321319,83,0.047063364789722784,0.9903273060196841,1.2870679789425499
1736061676.8370602,83,0.05673148106346976,0.9935500114442664,1.2806225680933851
1736061676.8410723,83,0.04379030459288141,0.9903273060196841,1.2903410391393912
1736061676.8449757,83,0.05673148106346987,0.9903273060196841,1.2773998626688028
1736061676.8490796,83,0.03412218831913477,0.9903273060196841,1.3000091554131379
1736061676.8531709,83,0.06317689191263426,0.9935500114442664,1.2741771572442206
1736061676.856801,83,0.0179583064239644,0.9773861295490959,1.30323186083772
1736061676.860431,84,0.03160241789111895,0.9773861295490959,1.2903410391393912
1736061676.8643336,84,0.047766299786289546,0.9773861295490959,1.2741771572442206
1736061676.8683083,84,0.047766299786289546,0.9773861295490959,1.2741771572442206
1736061676.8719776,84,0.03165277266337829,0.9709407186999313,1.2838452735179673
1736061676.8755925,84,0.041320888937125044,0.9741634241245135,1.2773998626688028
1736061676.8792498,84,0.05421171063545427,0.9741634241245135,1.2645090409704736
1736061676.8828506,84,0.03165277266337796,0.9741634241245135,1.2870679789425499
1736061676.8864505,84,0.018711596192789948,0.967718013275349,1.2935637445639734
1736061676.8900807,84,0.025207361814213458,0.967718013275349,1.2870679789425499
1736061676.8937097,85,0.03487547808796043,0.9644953078507668,1.2741771572442206
1736061676.8977973,85,0.025207361814213458,0.967718013275349,1.2870679789425499
1736061676.901711,85,0.028430067238796042,0.9612726024261845,1.2773998626688028
1736061676.9053476,85,0.04454359436170752,0.9644953078507668,1.2645090409704736
1736061676.9089673,85,0.03487547808796043,0.9644953078507668,1.2741771572442206
1736061676.9125714,85,0.009043479919043085,0.9580498970016021,1.2935637445639734
1736061676.9161694,85,0.015539245540466928,0.9548271915770199,1.2838452735179673
1736061676.9197931,85,0.02198465638963143,0.9548271915770199,1.2773998626688028
1736061676.9234025,85,0.02520736181421357,0.9516044861524375,1.2709544518196383
1736061676.927178,86,0.04002836113463931,0.9516044861524375,1.2612863355458914
1736061676.931382,86,0.020692128587145697,0.9483817807278553,1.2773998626688028
1736061676.935585,86,0.020692128587145697,0.9483817807278553,1.2773998626688028
1736061676.9394057,86,0.017469423162563225,0.9419363698786907,1.2741771572442206
1736061676.943091,86,0.0271375394363102,0.9387136644541084,1.2612863355458914
1736061676.946748,86,-0.0018668093849305012,0.9354909590295262,1.2870679789425499
1736061676.9504187,86,0.0013558960396519715,0.9322682536049439,1.2806225680933851
1736061676.9537442,86,0.004578601464234222,0.9290455481803617,1.2741771572442206
1736061676.9565852,86,-0.024476102129265376,0.8871000228885328,1.2612863355458914
1736061676.9594476,87,-0.017078166229450464,0.8871000228885328,1.2612863355458914
1736061676.962602,87,-0.029968987927779578,0.8806546120393682,1.267731746395056
1736061676.9654694,87,-0.010632755380285852,0.8806546120393682,1.2483955138475622
1736061676.9683917,87,-0.030019342700038698,0.8741588464179446,1.2612863355458914
1736061676.971239,87,-0.02679663727545656,0.8741588464179446,1.2580636301213093
1736061676.9740705,87,-0.03001934270003892,0.8709361409933623,1.2580636301213093
1736061676.9768987,87,-0.0364647535492032,0.8709361409933623,1.2645090409704736
1736061676.9797509,87,-0.03001934270003892,0.8709361409933623,1.2580636301213093
1736061676.982579,87,-0.03968745897378556,0.8709361409933623,1.267731746395056
1736061676.9854047,88,-0.020351226426291835,0.8741588464179446,1.2516182192721446
1736061676.988618,88,-0.02679663727545656,0.8741588464179446,1.2580636301213093
1736061676.9916587,88,-0.017128521001709474,0.8741588464179446,1.2483955138475622
1736061676.9945717,88,-0.013855460804868103,0.877431906614786,1.2483955138475622
1736061676.9974616,88,-0.026746282503197327,0.877431906614786,1.2612863355458914
1736061677.0002904,88,-0.0074100499557037125,0.8806546120393682,1.24517280842298
1736061677.0031147,88,-0.020300871654032937,0.8806546120393682,1.2580636301213093
1736061677.0059319,88,-0.0074100499557037125,0.8806546120393682,1.24517280842298
1736061677.0087688,88,-0.023523577078615077,0.8806546120393682,1.2612863355458914
1736061677.0116045,89,-0.009631796279452487,0.8806546120393682,1.2419501029983977
1736061677.0147927,89,-0.016077207128616988,0.8806546120393682,1.2483955138475622
1736061677.0176833,89,-0.025745323402364073,0.8806546120393682,1.2580636301213093
1736061677.0205817,89,-0.012854501704034738,0.877431906614786,1.2419501029983977
1736061677.0234296,89,-0.025745323402363962,0.877431906614786,1.254840924696727
1736061677.0262415,89,-0.009631796279452598,0.877431906614786,1.2387273975738156
1736061677.0290751,89,-0.029018383599205333,0.8741588464179446,1.254840924696727
1736061677.0321755,89,-0.038686499872951974,0.8741588464179446,1.2645090409704736
1736061677.0350318,89,-0.01935026732545847,0.8741588464179446,1.24517280842298
1736061677.0378852,90,-0.035463794448370056,0.8709361409933623,1.2580636301213093
1736061677.041073,90,-0.029018383599205222,0.86771343556878,1.2483955138475622
1736061677.0441582,90,-0.02257297275004083,0.8709361409933623,1.24517280842298
1736061677.0472147,90,-0.02579567817462297,0.8709361409933623,1.2483955138475622
1736061677.05012,90,-0.035463794448370056,0.8709361409933623,1.2580636301213093
1736061677.0529575,90,-0.01612756190087611,0.8741588464179446,1.2419501029983977
1736061677.0557847,90,-0.032241089023787695,0.8741588464179446,1.2580636301213093
1736061677.0586603,90,-0.01935026732545847,0.8741588464179446,1.24517280842298
1736061677.0614786,90,-0.029018383599205333,0.8741588464179446,1.254840924696727
1736061677.0643125,91,-0.03671701038566755,0.8741588464179446,1.2387273975738156
1736061677.0674899,91,-0.04316242123483205,0.8741588464179446,1.24517280842298
1736061677.070354,91,-0.056053242933161274,0.8741588464179446,1.2580636301213093
1736061677.0735877,91,-0.03993971581024969,0.8741588464179446,1.2419501029983977
1736061677.0766468,91,-0.10117111887731323,0.877431906614786,1.3064545662623026
1736061677.0795398,91,-0.06572135920690791,0.8741588464179446,1.267731746395056
1736061677.082537,91,-0.03671701038566755,0.8741588464179446,1.2387273975738156
1736061677.0854917,91,-0.03993971581024969,0.8741588464179446,1.2419501029983977
1736061677.0884373,91,-0.04960783208399655,0.8741588464179446,1.2516182192721446
1736061677.091371,92,-0.044792266491054,0.8709361409933623,1.2387273975738156
1736061677.0946445,92,-0.044792266491054,0.8709361409933623,1.2387273975738156
1736061677.0976722,92,-0.05446038276480064,0.8709361409933623,1.2483955138475622
1736061677.1007118,92,-0.04801497191563614,0.8709361409933623,1.2419501029983977
1736061677.103611,92,-0.044792266491054,0.8709361409933623,1.2387273975738156
1736061677.106521,92,-0.044792266491054,0.8709361409933623,1.2387273975738156
1736061677.1094003,92,-0.05446038276480064,0.8709361409933623,1.2483955138475622
1736061677.1123374,92,-0.044792266491054,0.8709361409933623,1.2387273975738156
1736061677.115247,92,-0.0512376773402185,0.8709361409933623,1.24517280842298
1736061677.1181788,93,-0.035868726675641005,0.8709361409933623,1.2290089265278095
1736061677.1212895,93,-0.0455871977216471,0.8709361409933623,1.2387273975738156
1736061677.1242313,93,-0.0520326085708116,0.8709361409933623,1.24517280842298
1736061677.1273663,93,-0.04231413752480573,0.8709361409933623,1.2354543373769742
1736061677.130316,93,-0.0455871977216471,0.8709361409933623,1.2387273975738156
1736061677.1332493,93,-0.04880990314622924,0.8709361409933623,1.2419501029983977
1736061677.1361291,93,-0.03909143210022337,0.8709361409933623,1.2322316319523918
1736061677.1392171,93,-0.0455871977216471,0.8709361409933623,1.2387273975738156
1736061677.1420956,93,-0.05525531399539374,0.8709361409933623,1.2483955138475622
1736061677.1450458,94,-0.04231413752480573,0.8709361409933623,1.2354543373769742
1736061677.148185,94,-0.0455871977216471,0.8709361409933623,1.2387273975738156
1736061677.1510527,94,-0.0455871977216471,0.8709361409933623,1.2387273975738156
1736061677.1539824,94,-0.04231413752480573,0.8709361409933623,1.2354543373769742
1736061677.1574218,94,-0.04553684294938798,0.86771343556878,1.2354543373769742
1736061677.1605804,94,-0.04880990314622935,0.86771343556878,1.2387273975738156
1736061677.1636665,94,-0.04231413752480573,0.8709361409933623,1.2354543373769742
1736061677.1666665,94,-0.035868726675641005,0.8709361409933623,1.2290089265278095
1736061677.1696162,94,-0.0455871977216471,0.8709361409933623,1.2387273975738156
1736061677.1734216,95,-0.048874066223830115,0.8709361409933623,1.2387273975738156
1736061677.1764972,95,-0.04237830060240638,0.8709361409933623,1.2322316319523918
1736061677.1797028,95,-0.048874066223830115,0.8709361409933623,1.2387273975738156
1736061677.1832078,95,-0.052096771648412254,0.8709361409933623,1.2419501029983977
1736061677.1861367,95,-0.04237830060240638,0.8709361409933623,1.2322316319523918
1736061677.1890159,95,-0.04237830060240638,0.8709361409933623,1.2322316319523918
1736061677.1918705,95,-0.048874066223830115,0.8709361409933623,1.2387273975738156
1736061677.1947124,95,-0.03915559517782402,0.8709361409933623,1.2290089265278095
1736061677.1975806,95,-0.048874066223830115,0.8709361409933623,1.2387273975738156
1736061677.2004495,96,-0.03728650777253373,0.8709361409933623,1.225786221103227
1736061677.2034764,96,-0.04373191862169845,0.8709361409933623,1.2322316319523918
1736061677.206556,96,-0.03406380234795159,0.8709361409933623,1.222563515678645
1736061677.209439,96,-0.03728650777253373,0.8709361409933623,1.225786221103227
1736061677.212266,96,-0.04373191862169845,0.8709361409933623,1.2322316319523918
1736061677.2150886,96,-0.03728650777253373,0.8709361409933623,1.225786221103227
1736061677.2179422,96,-0.04373191862169845,0.8709361409933623,1.2322316319523918
1736061677.2207718,96,-0.03728650777253373,0.8709361409933623,1.225786221103227
1736061677.2236104,96,-0.04373191862169845,0.8709361409933623,1.2322316319523918
1736061677.2264879,97,-0.039508288309742234,0.8709361409933623,1.225786221103227
1736061677.2295256,97,-0.042730993734324596,0.8709361409933623,1.2290089265278095
1736061677.2324555,97,-0.042730993734324596,0.8709361409933623,1.2290089265278095
1736061677.235633,97,-0.039508288309742234,0.8709361409933623,1.225786221103227
1736061677.2385564,97,-0.039508288309742234,0.8709361409933623,1.225786221103227
1736061677.2414134,97,-0.04595369915890696,0.8709361409933623,1.2322316319523918
1736061677.2442513,97,-0.039508288309742234,0.8709361409933623,1.225786221103227
1736061677.2471306,97,-0.04595369915890696,0.8709361409933623,1.2322316319523918
1736061677.2501087,97,-0.039508288309742234,0.8709361409933623,1.225786221103227
1736061677.2530465,98,-0.04739583030207789,0.86771343556878,1.2290089265278095
1736061677.2560701,98,-0.04095041945291339,0.86771343556878,1.222563515678645
1736061677.2589486,98,-0.03772771402833114,0.8709361409933623,1.222563515678645
1736061677.261799,98,-0.04417312487749564,0.8709361409933623,1.2290089265278095
1736061677.2648385,98,-0.04095041945291339,0.86771343556878,1.222563515678645
1736061677.267739,98,-0.04417312487749553,0.86771343556878,1.225786221103227
1736061677.2705722,98,-0.03772771402833125,0.86771343556878,1.2193408102540628
1736061677.273385,98,-0.04095041945291328,0.8709361409933623,1.225786221103227
1736061677.2761898,98,-0.034505008603749,0.8709361409933623,1.2193408102540628
1736061677.279053,99,-0.05089668396996999,0.86771343556878,1.222563515678645
1736061677.2820628,99,-0.05089668396996988,0.8709361409933623,1.225786221103227
1736061677.2849147,99,-0.0444512731208056,0.8709361409933623,1.2193408102540628
1736061677.2877629,99,-0.05089668396996988,0.8709361409933623,1.225786221103227
1736061677.2905967,99,-0.04445127312080549,0.86771343556878,1.2161181048294805
1736061677.2934275,99,-0.05411938939455213,0.86771343556878,1.225786221103227
1736061677.296259,99,-0.04445127312080549,0.86771343556878,1.2161181048294805
1736061677.2991037,99,-0.04767397854538774,0.8709361409933623,1.222563515678645
1736061677.3021488,99,-0.0444512731208056,0.8709361409933623,1.2193408102540628
1736061677.3050213,100,-0.05758617568625979,0.86771343556878,1.212895399404898
1736061677.3080838,100,-0.05114076483709529,0.86771343556878,1.2064499885557336
1736061677.3109438,100,-0.047918059412512926,0.86771343556878,1.2032272831311512
1736061677.3138392,100,-0.047918059412512926,0.86771343556878,1.2032272831311512
1736061677.316682,100,-0.047918059412512926,0.86771343556878,1.2032272831311512
1736061677.3195214,100,-0.05114076483709529,0.86771343556878,1.2064499885557336
1736061677.3223438,100,-0.047918059412512926,0.86771343556878,1.2032272831311512
1736061677.3251574,100,-0.05114076483709529,0.86771343556878,1.2064499885557336
1736061677.3280149,100,-0.047918059412512926,0.86771343556878,1.2032272831311512
1736061677.3311176,100,-0.047918059412512926,0.86771343556878,1.2032272831311512
1736061677.3341432,100,-0.047918059412512926,0.86771343556878,1.2032272831311512
1736061677.337039,100,-0.047918059412512926,0.86771343556878,1.2032272831311512
1736061677.340117,100,-0.05114076483709529,0.86771343556878,1.2064499885557336
1736061677.34298,100,-0.047918059412512926,0.86771343556878,1.2032272831311512
1736061677.3458338,100,-0.047918059412512926,0.86771343556878,1.2032272831311512
1736061677.3487191,100,-0.05114076483709529,0.86771343556878,1.2064499885557336
1736061677.351558,100,-0.047918059412512926,0.86771343556878,1.2032272831311512
1736061677.3544626,100,-0.047918059412512926,0.86771343556878,1.2032272831311512
1736061677.3573856,99,-0.03800586227164077,0.86771343556878,1.2096726939803157
1736061677.3604095,99,-0.04767397854538785,0.86771343556878,1.2193408102540628
1736061677.363274,99,-0.05089668396996999,0.86771343556878,1.222563515678645
1736061677.3661664,99,-0.04767397854538785,0.86771343556878,1.2193408102540628
1736061677.369025,99,-0.05089668396996988,0.8709361409933623,1.225786221103227
1736061677.37186,99,-0.04767397854538785,0.86771343556878,1.2193408102540628
1736061677.37469,99,-0.05411938939455213,0.86771343556878,1.225786221103227
1736061677.3775532,99,-0.0444512731208056,0.8709361409933623,1.2193408102540628
1736061677.380553,99,-0.05089668396996999,0.86771343556878,1.222563515678645
1736061677.3834138,98,-0.03128230317916664,0.8709361409933623,1.2161181048294805
1736061677.3864372,98,-0.04095041945291339,0.86771343556878,1.222563515678645
1736061677.3893023,98,-0.04417312487749553,0.86771343556878,1.225786221103227
1736061677.392201,98,-0.03772771402833114,0.8709361409933623,1.222563515678645
1736061677.3950396,98,-0.04095041945291328,0.8709361409933623,1.225786221103227
1736061677.3978887,98,-0.04095041945291339,0.86771343556878,1.222563515678645
1736061677.4007275,98,-0.04417312487749553,0.86771343556878,1.225786221103227
1736061677.4035525,98,-0.03772771402833125,0.86771343556878,1.2193408102540628
1736061677.4063678,98,-0.04417312487749553,0.86771343556878,1.225786221103227
1736061677.4092157,97,-0.033062877460577955,0.8709361409933623,1.2193408102540628
1736061677.4122376,97,-0.039508288309742234,0.8709361409933623,1.225786221103227
1736061677.4151015,97,-0.04917640458348921,0.86771343556878,1.2322316319523918
1736061677.4180875,97,-0.036285582885160095,0.8709361409933623,1.222563515678645
1736061677.4209266,97,-0.042730993734324596,0.8709361409933623,1.2290089265278095
1736061677.4241307,97,-0.04917640458348932,0.8709361409933623,1.2354543373769742
1736061677.4270291,97,-0.039508288309742345,0.86771343556878,1.222563515678645
1736061677.4298875,97,-0.04917640458348921,0.86771343556878,1.2322316319523918
1736061677.4327164,97,-0.039508288309742234,0.8709361409933623,1.225786221103227
1736061677.435555,96,-0.0469546240462807,0.86771343556878,1.2322316319523918
1736061677.4386902,96,-0.04373191862169845,0.8709361409933623,1.2322316319523918
1736061677.4415436,96,-0.04050921319711598,0.86771343556878,1.225786221103227
1736061677.4446216,96,-0.0469546240462807,0.86771343556878,1.2322316319523918
1736061677.4475026,96,-0.04050921319711598,0.86771343556878,1.225786221103227
1736061677.450484,96,-0.04050921319711609,0.8709361409933623,1.2290089265278095
1736061677.4533412,96,-0.04695462404628081,0.8709361409933623,1.2354543373769742
1736061677.4569423,96,-0.050177329470863063,0.86771343556878,1.2354543373769742
1736061677.4598632,96,-0.03728650777253373,0.8709361409933623,1.225786221103227
1736061677.4629366,95,-0.04237830060240638,0.8709361409933623,1.2322316319523918
1736061677.4668803,95,-0.04237830060240638,0.8709361409933623,1.2322316319523918
1736061677.470082,95,-0.03915559517782402,0.8709361409933623,1.2290089265278095
1736061677.4734366,95,-0.04237830060240638,0.8709361409933623,1.2322316319523918
1736061677.476746,95,-0.03915559517782402,0.8709361409933623,1.2290089265278095
1736061677.4796526,95,-0.04237830060240638,0.8709361409933623,1.2322316319523918
1736061677.48252,95,-0.045601006026988744,0.8709361409933623,1.2354543373769742
1736061677.4853735,95,-0.04237830060240638,0.8709361409933623,1.2322316319523918
1736061677.4882386,95,-0.048874066223830115,0.8709361409933623,1.2387273975738156
1736061677.4911723,94,-0.03909143210022337,0.8709361409933623,1.2322316319523918
1736061677.4942179,94,-0.0455871977216471,0.8709361409933623,1.2387273975738156
1736061677.497123,94,-0.03909143210022337,0.8709361409933623,1.2322316319523918
1736061677.4999967,94,-0.04231413752480573,0.8709361409933623,1.2354543373769742
1736061677.5030618,94,-0.04880990314622924,0.8709361409933623,1.2419501029983977
1736061677.5059276,94,-0.035868726675641005,0.8709361409933623,1.2290089265278095
1736061677.5087786,94,-0.0455871977216471,0.8709361409933623,1.2387273975738156
1736061677.511608,94,-0.035868726675641005,0.8709361409933623,1.2290089265278095
1736061677.5144272,94,-0.04231413752480573,0.8709361409933623,1.2354543373769742
1736061677.5174165,93,-0.03909143210022337,0.8709361409933623,1.2322316319523918
1736061677.5204332,93,-0.04231413752480573,0.8709361409933623,1.2354543373769742
1736061677.523291,93,-0.04880990314622924,0.8709361409933623,1.2419501029983977
1736061677.5261862,93,-0.03909143210022337,0.8709361409933623,1.2322316319523918
1736061677.5290473,93,-0.05203260857081149,0.86771343556878,1.2419501029983977
1736061677.531883,93,-0.03909143210022337,0.8709361409933623,1.2322316319523918
1736061677.5346987,93,-0.0455871977216471,0.8709361409933623,1.2387273975738156
1736061677.5376506,93,-0.03909143210022337,0.8709361409933623,1.2322316319523918
1736061677.540573,93,-0.04231413752480573,0.8709361409933623,1.2354543373769742
1736061677.5434287,92,-0.05446038276480064,0.8709361409933623,1.2483955138475622
1736061677.5464585,92,-0.04151920629421263,0.8709361409933623,1.2354543373769742
1736061677.5495677,92,-0.0512376773402185,0.8709361409933623,1.24517280842298
1736061677.5524647,92,-0.060905793613965364,0.8709361409933623,1.254840924696727
1736061677.5553122,92,-0.044792266491054,0.8709361409933623,1.2387273975738156
1736061677.558182,92,-0.05446038276480064,0.8709361409933623,1.2483955138475622
1736061677.5610063,92,-0.044792266491054,0.8709361409933623,1.2387273975738156
1736061677.563829,92,-0.05446038276480064,0.8709361409933623,1.2483955138475622
1736061677.5666585,92,-0.04151920629421263,0.8709361409933623,1.2354543373769742
1736061677.5695257,91,-0.04960783208399655,0.8709361409933623,1.2483955138475622
1736061677.5725443,91,-0.03666665561340854,0.8709361409933623,1.2354543373769742
1736061677.5755725,91,-0.04638512665941441,0.8709361409933623,1.24517280842298
1736061677.5785177,91,-0.05283053750857891,0.8709361409933623,1.2516182192721446
1736061677.5813613,91,-0.03993971581024991,0.8709361409933623,1.2387273975738156
1736061677.5842004,91,-0.04960783208399655,0.8709361409933623,1.2483955138475622
1736061677.5870545,91,-0.03993971581024991,0.8709361409933623,1.2387273975738156
1736061677.5899107,91,-0.04960783208399655,0.8709361409933623,1.2483955138475622
1736061677.5927515,91,-0.03993971581024991,0.8709361409933623,1.2387273975738156
1736061677.5955982,90,-0.02579567817462297,0.8709361409933623,1.2483955138475622
1736061677.598652,90,-0.038686499872952196,0.8709361409933623,1.2612863355458914
1736061677.6015089,90,-0.01935026732545847,0.8709361409933623,1.2419501029983977
1736061677.6045725,90,-0.02579567817462297,0.8709361409933623,1.2483955138475622
1736061677.6074703,90,-0.02257297275004083,0.8709361409933623,1.24517280842298
1736061677.6103153,90,-0.02579567817462297,0.8709361409933623,1.2483955138475622
1736061677.6131434,90,-0.038686499872952196,0.8709361409933623,1.2612863355458914
1736061677.6159742,90,-0.02257297275004083,0.8709361409933623,1.24517280842298
1736061677.6188145,90,-0.035463794448370056,0.8709361409933623,1.2580636301213093
1736061677.621653,89,-0.02257297275004083,0.8709361409933623,1.24517280842298
1736061677.624669,89,-0.035463794448370056,0.8709361409933623,1.2580636301213093
1736061677.6275718,89,-0.01935026732545847,0.8709361409933623,1.2419501029983977
1736061677.63068,89,-0.02579567817462297,0.8709361409933623,1.2483955138475622
1736061677.6336565,89,-0.038686499872952196,0.8709361409933623,1.2612863355458914
1736061677.6365285,89,-0.01935026732545847,0.8709361409933623,1.2419501029983977
1736061677.6393664,89,-0.035463794448370056,0.8709361409933623,1.2580636301213093
1736061677.6421924,89,-0.01612756190087633,0.8709361409933623,1.2387273975738156
1736061677.6450212,89,-0.032241089023787695,0.8709361409933623,1.254840924696727
1736061677.6479292,88,-0.013905815577127334,0.8709361409933623,1.2419501029983977
1736061677.650997,88,-0.020351226426291835,0.8709361409933623,1.2483955138475622
1736061677.6539257,88,-0.03324204812462106,0.8709361409933623,1.2612863355458914
1736061677.6567998,88,-0.017128521001709696,0.8709361409933623,1.24517280842298
1736061677.6605234,88,0.011926182591790013,0.9096589608606088,1.254840924696727
1736061677.6641676,88,-0.0009646391065389892,0.9096589608606088,1.267731746395056
1736061677.6678188,88,-0.0074100499557037125,0.9096589608606088,1.2741771572442206
1736061677.6714196,88,0.0022580663180433724,0.9096589608606088,1.2645090409704736
1736061677.6750154,88,0.005480771742625512,0.9096589608606088,1.2612863355458914
1736061677.6788268,87,0.008703477167207652,0.9096589608606088,1.2580636301213093
1736061677.6826928,87,-0.010632755380285852,0.9096589608606088,1.2773998626688028
1736061677.686619,87,-0.0009646391065389892,0.9096589608606088,1.267731746395056
1736061677.6903062,87,0.008703477167207652,0.9096589608606088,1.2580636301213093
1736061677.6939225,87,-0.017078166229450353,0.9096589608606088,1.2838452735179673
1736061677.6975675,87,-0.010632755380285852,0.9096589608606088,1.2773998626688028
1736061677.7011795,87,-0.0009646391065389892,0.9096589608606088,1.267731746395056
1736061677.7047763,87,0.008703477167207763,0.9128816662851911,1.2612863355458914
1736061677.70841,87,0.011926182591790013,0.9096589608606088,1.254840924696727
1736061677.7120256,86,-0.021253396704683125,0.9096589608606088,1.2806225680933851
1736061677.7158608,86,-0.018030691280100763,0.9096589608606088,1.2773998626688028
1736061677.7198753,86,0.0013055412673928513,0.9128816662851911,1.2612863355458914
1736061677.7236233,86,-0.021253396704683014,0.9128816662851911,1.2838452735179673
1736061677.7273328,86,-0.011585280430936262,0.9096589608606088,1.2709544518196383
1736061677.7309659,86,-0.005139869581771539,0.9096589608606088,1.2645090409704736
1736061677.734581,86,0.0013055412673927402,0.9096589608606088,1.2580636301213093
1736061677.7382402,86,-0.024476102129265265,0.9096589608606088,1.2838452735179673
1736061677.7420197,86,-0.018030691280100763,0.9096589608606088,1.2773998626688028
1736061677.7456758,85,-0.01351545805303278,0.9096589608606088,1.267731746395056
1736061677.7495475,85,-0.007070047203868279,0.9096589608606088,1.2612863355458914
1736061677.7531917,85,-0.0361247507973681,0.9096589608606088,1.2903410391393912
1736061677.7580245,85,-0.010292752628450419,0.9096589608606088,1.2645090409704736
1736061677.7609613,85,-0.061906394194026215,0.8709361409933623,1.2773998626688028
1736061677.7643468,85,-0.03934745622195035,0.8709361409933623,1.254840924696727
1736061677.7675405,85,-0.16508332255291835,0.877431906614786,1.3870725566491187
1736061677.7704356,85,-0.061906394194026215,0.8741588464179446,1.2806225680933851
1736061677.7733676,85,-0.055460983344861714,0.8741588464179446,1.2741771572442206
1736061677.7769084,84,-0.058683688769444076,0.8709361409933623,1.2741771572442206
1736061677.7800193,84,-0.061906394194026215,0.8709361409933623,1.2773998626688028
1736061677.7829015,84,-0.04579286707111463,0.8741588464179446,1.2645090409704736
1736061677.7857542,84,-0.04901557249569699,0.8741588464179446,1.267731746395056
1736061677.7886312,84,-0.061906394194026215,0.8741588464179446,1.2806225680933851
1736061677.7914684,84,-0.04901557249569699,0.8709361409933623,1.2645090409704736
1736061677.794368,84,-0.06835180504319072,0.8709361409933623,1.2838452735179673
1736061677.797243,84,-0.04257016164653249,0.8741588464179446,1.2612863355458914
1736061677.800091,84,-0.061906394194026215,0.8709361409933623,1.2773998626688028
1736061677.80292,83,-0.04010074599077612,0.8741588464179446,1.2580636301213093
1736061677.805929,83,-0.05943697853826985,0.8709361409933623,1.2741771572442206
1736061677.8090274,83,-0.056214273113687485,0.8741588464179446,1.2741771572442206
1736061677.8119137,83,-0.04654615683994062,0.8709361409933623,1.2612863355458914
1736061677.8147502,83,-0.06588238938743435,0.8709361409933623,1.2806225680933851
1736061677.8176107,83,-0.04332345141535826,0.8741588464179446,1.2612863355458914
1736061677.8204408,83,-0.059436978538269625,0.8741588464179446,1.2773998626688028
1736061677.8232589,83,-0.04332345141535848,0.8709361409933623,1.2580636301213093
1736061677.8260877,83,-0.059436978538269625,0.8741588464179446,1.2773998626688028
1736061677.8289359,82,-0.03413462357000857,0.8741588464179446,1.2580636301213093
1736061677.8319483,82,-0.050248150692919935,0.8741588464179446,1.2741771572442206
1736061677.835026,82,-0.06963473801267267,0.8741588464179446,1.2935637445639734
1736061677.8378985,82,-0.03735732899459071,0.8741588464179446,1.2612863355458914
1736061677.8407319,82,-0.0599162669666668,0.8709361409933623,1.2806225680933851
1736061677.843548,82,-0.03735732899459071,0.8741588464179446,1.2612863355458914
1736061677.8463733,82,-0.053470856117502075,0.8741588464179446,1.2773998626688028
1736061677.849386,82,-0.053470856117502075,0.8741588464179446,1.2773998626688028
1736061677.8522542,82,-0.04702544526833757,0.8741588464179446,1.2709544518196383
1736061677.8550928,81,-0.07285744343725503,0.8741588464179446,1.2967864499885557
1736061677.858147,81,-0.04058003441917285,0.8741588464179446,1.2645090409704736
1736061677.8610094,81,-0.06313897239124894,0.8709361409933623,1.2838452735179673
1736061677.8639212,81,-0.050248150692919935,0.8709361409933623,1.2709544518196383
1736061677.8667772,81,-0.053470856117502075,0.8741588464179446,1.2773998626688028
1736061677.8696196,81,-0.06313897239124894,0.8709361409933623,1.2838452735179673
1736061677.8724456,81,-0.053470856117502075,0.8741588464179446,1.2773998626688028
1736061677.875264,81,-0.06641203258809053,0.8741588464179446,1.2903410391393912
1736061677.8781257,81,-0.050248150692919935,0.8741588464179446,1.2741771572442206
1736061677.880959,80,-0.07122253180210852,0.8741588464179446,1.3000091554131379
1736061677.8840709,80,-0.05828135533152051,0.8741588464179446,1.2870679789425499
1736061677.8869328,80,-0.07122253180210875,0.8709361409933623,1.2967864499885557
1736061677.8898413,80,-0.038945122784026565,0.8741588464179446,1.267731746395056
1736061677.8926837,80,-0.05828135533152051,0.8741588464179446,1.2870679789425499
1736061677.8955724,80,-0.04861323905777343,0.8741588464179446,1.2773998626688028
1736061677.8984342,80,-0.05505864990693793,0.8741588464179446,1.2838452735179673
1736061677.9012637,80,-0.06477712095294402,0.8741588464179446,1.2935637445639734
1736061677.9040883,80,-0.05183594448235579,0.8741588464179446,1.2806225680933851
1736061677.9069207,79,-0.0697033092492742,0.8709361409933623,1.3000091554131379
1736061677.9099655,79,-0.040648605655774606,0.8741588464179446,1.2741771572442206
1736061677.9130278,79,-0.0632578984001097,0.8741588464179446,1.2967864499885557
1736061677.9159286,79,-0.06648060382469184,0.8741588464179446,1.3000091554131379
1736061677.9187818,79,-0.043871311080356745,0.8741588464179446,1.2773998626688028
1736061677.9216034,79,-0.06970330924927398,0.8741588464179446,1.30323186083772
1736061677.924416,79,-0.043871311080356745,0.8741588464179446,1.2773998626688028
1736061677.9272697,79,-0.07292601467385634,0.8709361409933623,1.30323186083772
1736061677.9301126,79,-0.04387131108035697,0.8709361409933623,1.2741771572442206
1736061677.9329395,78,-0.0661415076436162,0.8709361409933623,1.3000091554131379
1736061677.9359422,78,-0.037086804050116606,0.8741588464179446,1.2741771572442206
1736061677.9390726,78,-0.0532506859452872,0.8741588464179446,1.2903410391393912
1736061677.94205,78,-0.06291880221903384,0.8741588464179446,1.3000091554131379
1736061677.9451563,78,-0.06614150764361598,0.8741588464179446,1.30323186083772
1736061677.948077,78,-0.04353221489928111,0.8741588464179446,1.2806225680933851
1736061677.9509208,78,-0.06936421306819834,0.8709361409933623,1.30323186083772
1736061677.953752,78,-0.040309509474698746,0.8741588464179446,1.2773998626688028
1736061677.9565814,78,-0.0661415076436162,0.8709361409933623,1.3000091554131379
1736061677.9594486,77,-0.03562364422234904,0.8741588464179446,1.2741771572442206
1736061677.9624858,77,-0.058232936966684135,0.8741588464179446,1.2967864499885557
1736061677.9653337,77,-0.067901053240431,0.8741588464179446,1.3064545662623026
1736061677.968317,77,-0.04851446592067826,0.8741588464179446,1.2870679789425499
1736061677.9711695,77,-0.067901053240431,0.8741588464179446,1.3064545662623026
1736061677.9739978,77,-0.04206905507151354,0.8741588464179446,1.2806225680933851
1736061677.976802,77,-0.067901053240431,0.8741588464179446,1.3064545662623026
1736061677.9796834,77,-0.04206905507151354,0.8741588464179446,1.2806225680933851
1736061677.9825058,77,-0.061455642391266274,0.8741588464179446,1.3000091554131379
1736061677.9853225,76,-0.03884634964693118,0.8741588464179446,1.2773998626688028
1736061677.9883413,76,-0.058232936966684135,0.8741588464179446,1.2967864499885557
1736061677.9911985,76,-0.0743464640895955,0.8741588464179446,1.312899977111467
1736061677.9942625,76,-0.04851446592067826,0.8741588464179446,1.2870679789425499
1736061677.9971726,76,-0.067901053240431,0.8741588464179446,1.3064545662623026
1736061678.0000272,76,-0.04851446592067826,0.8741588464179446,1.2870679789425499
1736061678.0028572,76,-0.061455642391266274,0.8741588464179446,1.3000091554131379
1736061678.0056772,76,-0.05501023154210177,0.8741588464179446,1.2935637445639734
1736061678.008554,76,-0.061455642391266274,0.8741588464179446,1.3000091554131379
1736061678.011397,75,-0.058138973133642524,0.8741588464179446,1.30323186083772
1736061678.0144224,75,-0.045248151435313744,0.8741588464179446,1.2903410391393912
1736061678.0179305,75,-0.10652990927463607,0.8741588464179446,1.3516227969787136
1736061678.020961,75,-0.07425250025655411,0.8741588464179446,1.3193453879606316
1736061678.0238397,75,-0.04847085685989588,0.8741588464179446,1.2935637445639734
1736061678.0266917,75,-0.07747520568113647,0.8741588464179446,1.322568093385214
1736061678.0295353,75,-0.04197509123847237,0.8741588464179446,1.2870679789425499
1736061678.0324032,75,-0.07102979483197175,0.8741588464179446,1.3161226825360492
1736061678.0496652,75,-0.02908426954014315,0.8741588464179446,1.2741771572442206
1736061678.053594,74,-0.04377468439026788,0.8741588464179446,1.2903410391393912
1736061678.0578501,74,-0.06955632778692589,0.8741588464179446,1.3161226825360492
1736061678.062029,74,-0.04050162419342651,0.8741588464179446,1.2870679789425499
1736061678.0659852,74,-0.06633362236234375,0.8741588464179446,1.312899977111467
1736061678.0701153,74,-0.04377468439026788,0.8741588464179446,1.2903410391393912
1736061678.0741136,74,-0.07277903321150825,0.8741588464179446,1.3193453879606316
1736061678.077867,74,-0.04377468439026788,0.8741588464179446,1.2903410391393912
1736061678.0812912,74,-0.04699738981485002,0.8741588464179446,1.2935637445639734
1736061678.084718,74,-0.04377468439026788,0.8741588464179446,1.2903410391393912
1736061678.0881648,73,-0.047451683592039995,0.8741588464179446,1.2967864499885557
1736061678.091709,73,-0.07001062156411586,0.8741588464179446,1.3193453879606316
1736061678.0951953,73,-0.07323332698869822,0.8741588464179446,1.322568093385214
1736061678.0990057,73,-0.07645603241328058,0.8741588464179446,1.3257907988097963
1736061678.102476,73,-0.07323332698869822,0.8741588464179446,1.322568093385214
1736061678.1059408,73,-0.07001062156411586,0.8741588464179446,1.3193453879606316
1736061678.1094573,73,-0.06356521071495136,0.8741588464179446,1.312899977111467
1736061678.1129723,73,-0.05711979986578686,0.8741588464179446,1.3064545662623026
1736061678.1167774,73,-0.050674389016622134,0.8741588464179446,1.3000091554131379
1736061678.1203537,72,-0.06521774547694226,0.8741588464179446,1.3193453879606316
1736061678.1242142,72,-0.07488586175068912,0.8741588464179446,1.3290135042343785
1736061678.1277373,72,-0.06521774547694226,0.8741588464179446,1.3193453879606316
1736061678.1311903,72,-0.061995040052359895,0.8741588464179446,1.3161226825360492
1736061678.1346214,72,-0.058772334627777756,0.8741588464179446,1.312899977111467
1736061678.1381106,72,-0.061995040052359895,0.8741588464179446,1.3161226825360492
1736061678.1416683,72,-0.04910421835403067,0.8741588464179446,1.30323186083772
1736061678.1450846,72,-0.04910421835403067,0.8741588464179446,1.30323186083772
1736061678.1485026,72,-0.04588151292944853,0.8741588464179446,1.3000091554131379
1736061678.1519237,71,-0.036764381061245466,0.8741588464179446,1.3000091554131379
1736061678.1554458,71,-0.036764381061245466,0.8741588464179446,1.3000091554131379
1736061678.1588304,71,-0.036764381061245466,0.8741588464179446,1.3000091554131379
1736061678.1621523,71,-0.039987086485827605,0.8741588464179446,1.30323186083772
1736061678.1658738,71,-0.033491320864404095,0.877431906614786,1.3000091554131379
1736061678.1694663,71,-0.06576872988248605,0.8741588464179446,1.3290135042343785
1736061678.1731298,71,-0.07543684615623292,0.8741588464179446,1.3386816205081253
1736061678.1766798,71,-0.06576872988248605,0.8741588464179446,1.3290135042343785
1736061678.180259,71,-0.05610061360873919,0.8741588464179446,1.3193453879606316
1736061678.1839454,70,-0.04643249733499233,0.8741588464179446,1.3096772716868847
1736061678.1879635,70,-0.05610061360873919,0.8741588464179446,1.3193453879606316
1736061678.1916516,70,-0.07221414073165056,0.8741588464179446,1.335458915083543
1736061678.1954567,70,-0.05610061360873919,0.8741588464179446,1.3193453879606316
1736061678.1991997,70,-0.036714026288986235,0.877431906614786,1.30323186083772
1736061678.2029746,70,-0.05932331903332155,0.8741588464179446,1.322568093385214
1736061678.20694,70,-0.07221414073165056,0.8741588464179446,1.335458915083543
1736061678.2109022,70,-0.036714026288986235,0.877431906614786,1.30323186083772
1736061678.214468,70,-0.07870990635307429,0.8741588464179446,1.3419546807049667
1736061678.2182684,69,-0.07240576642871882,0.8741588464179446,1.3386816205081253
1736061678.2218745,69,-0.04984682845664273,0.8741588464179446,1.3161226825360492
1736061678.225598,69,-0.03690565198605472,0.877431906614786,1.3064545662623026
1736061678.2295942,69,-0.07567882662556019,0.8741588464179446,1.3419546807049667
1736061678.2333384,69,-0.06273765015497196,0.8741588464179446,1.3290135042343785
1736061678.2368214,69,-0.04984682845664273,0.8741588464179446,1.3161226825360492
1736061678.240561,69,-0.04335106283521922,0.877431906614786,1.312899977111467
1736061678.244048,69,-0.04984682845664273,0.8741588464179446,1.3161226825360492
1736061678.247912,69,-0.03368294656147214,0.877431906614786,1.30323186083772
